cell_i,cell_j,stack_count,thickness_m,cell_area_m2,volume_proxy_m3,status,reason,distance_m,receive_dot,receive_threshold_used,triangle_index,used_fallback,src_x,src_y,src_z,target_x,target_y,target_z,normal_x,normal_y,normal_z
-26,-40,1,0.003740,0.000174,0.000001,accepted,accepted,0.196198,0.545508,0.150000,4777,False,15.193759,16.631088,0.611989,15.371063,16.644867,0.600682,-0.994985,-0.077330,0.063447
-26,-23,1,0.003740,0.000174,0.000001,accepted,accepted,0.162767,0.279616,0.150000,8435,False,15.193759,16.631088,1.291411,15.323356,16.650732,1.352863,-0.895207,-0.135699,-0.424489
-23,-38,1,0.003740,0.000174,0.000001,accepted,accepted,0.188604,0.569507,0.150000,4777,False,15.193759,16.781195,0.675253,15.363507,16.794388,0.664428,-0.994985,-0.077330,0.063447
-22,-25,1,0.003740,0.000174,0.000001,accepted,accepted,0.170481,0.288078,0.150000,8435,False,15.193759,16.831232,1.209257,15.330261,16.851923,1.273983,-0.895207,-0.135699,-0.424489
-21,-28,1,0.003740,0.000174,0.000001,accepted,accepted,0.206928,0.639494,0.150000,4777,False,15.193759,16.881268,1.086025,15.381739,16.895878,1.074038,-0.994985,-0.077330,0.063447
-21,-19,1,0.003740,0.000174,0.000001,accepted,accepted,0.059070,0.313607,0.150000,8435,False,15.193759,16.881268,1.455720,15.230526,16.886841,1.473154,-0.895207,-0.135699,-0.424489
-20,-37,1,0.003740,0.000174,0.000001,accepted,accepted,0.179602,0.591405,0.150000,4777,False,15.193759,16.931303,0.716330,15.354550,16.943800,0.706077,-0.994985,-0.077330,0.063447
-19,-31,1,0.003740,0.000174,0.000001,accepted,accepted,0.191370,0.634428,0.150000,4777,False,15.193759,16.981339,0.962793,15.366260,16.994745,0.951794,-0.994985,-0.077330,0.063447
-18,-34,1,0.003740,0.000174,0.000001,accepted,accepted,0.179683,0.621229,0.150000,4777,False,15.193759,17.031374,0.839562,15.354630,17.043877,0.829303,-0.994985,-0.077330,0.063447
-18,-30,1,0.003740,0.000174,0.000001,accepted,accepted,0.190107,0.647310,0.150000,4777,False,15.193759,17.031374,1.003871,15.365003,17.044683,0.992951,-0.994985,-0.077330,0.063447
-18,-25,1,0.003740,0.000174,0.000001,accepted,accepted,0.143322,0.302340,0.150000,8435,False,15.193759,17.031374,1.209257,15.305948,17.048380,1.262455,-0.895207,-0.135699,-0.424489
-17,-30,1,0.003740,0.000174,0.000001,accepted,accepted,0.186239,0.653748,0.150000,4777,False,15.193759,17.081409,1.003871,15.361154,17.094419,0.993197,-0.994985,-0.077330,0.063447
-17,-26,1,0.003740,0.000174,0.000001,accepted,accepted,0.153968,0.301797,0.150000,8435,False,15.193759,17.081409,1.168180,15.315479,17.099859,1.225897,-0.895207,-0.135699,-0.424489
-17,-24,1,0.003740,0.000174,0.000001,accepted,accepted,0.119095,0.309971,0.150000,8435,False,15.193759,17.081409,1.250334,15.284261,17.095127,1.293248,-0.895207,-0.135699,-0.424489
-17,-23,1,0.003740,0.000174,0.000001,accepted,accepted,0.101658,0.314168,0.150000,8435,False,15.193759,17.081409,1.291411,15.268651,17.092760,1.326923,-0.895207,-0.135699,-0.424489
-16,-38,1,0.003740,0.000174,0.000001,accepted,accepted,0.161518,0.605620,0.150000,4777,False,15.193759,17.131447,0.675253,15.336557,17.142544,0.666147,-0.994985,-0.077330,0.063447
-16,-27,1,0.003740,0.000174,0.000001,accepted,accepted,0.164615,0.301004,0.150000,8435,False,15.193759,17.131447,1.127102,15.325010,17.151342,1.189339,-0.895207,-0.135699,-0.424489
-16,-20,1,0.003740,0.000174,0.000001,accepted,accepted,0.042558,0.331501,0.150000,8435,False,15.193759,17.131447,1.414643,15.215744,17.134779,1.425068,-0.895207,-0.135699,-0.424489
-16,-18,1,0.003740,0.000174,0.000001,accepted,accepted,0.007684,0.340937,0.150000,8435,False,15.193759,17.131447,1.496798,15.184525,17.130047,1.492419,-0.895207,-0.135699,-0.424489
-15,-37,1,0.003740,0.000174,0.000001,accepted,accepted,0.160256,0.617218,0.150000,4777,False,15.193759,17.181482,0.716330,15.335301,17.192482,0.707304,-0.994985,-0.077330,0.063447
-15,-36,1,0.003740,0.000174,0.000001,accepted,accepted,0.162862,0.624079,0.150000,4777,False,15.193759,17.181482,0.757407,15.337894,17.192684,0.748216,-0.994985,-0.077330,0.063447
-15,-33,1,0.003740,0.000174,0.000001,accepted,accepted,0.170681,0.644995,0.150000,4777,False,15.193759,17.181482,0.880639,15.345674,17.193289,0.870952,-0.994985,-0.077330,0.063447
-15,-29,1,0.003740,0.000174,0.000001,accepted,accepted,0.181106,0.673465,0.150000,4777,False,15.193759,17.181482,1.044948,15.356047,17.194096,1.034599,-0.994985,-0.077330,0.063447
-15,-25,1,0.003740,0.000174,0.000001,accepted,accepted,0.122952,0.312729,0.150000,8435,False,15.193759,17.181482,1.209257,15.287713,17.195723,1.253808,-0.895207,-0.135699,-0.424489
-15,-23,1,0.003740,0.000174,0.000001,accepted,accepted,0.088079,0.321677,0.150000,8435,False,15.193759,17.181482,1.291411,15.256495,17.190990,1.321159,-0.895207,-0.135699,-0.424489
-14,-40,1,0.003740,0.000174,0.000001,accepted,accepted,0.149767,0.604524,0.150000,4777,False,15.193759,17.231518,0.611989,15.324864,17.241707,0.603628,-0.994985,-0.077330,0.063447
-14,-38,1,0.003740,0.000174,0.000001,accepted,accepted,0.153781,0.615097,0.150000,4777,False,15.193759,17.231518,0.675253,15.328858,17.242018,0.666638,-0.994985,-0.077330,0.063447
-14,-35,2,0.007480,0.000174,0.000001,accepted,accepted,0.168681,0.636141,0.150000,4777,False,15.186641,17.231518,0.798484,15.336566,17.243170,0.788924,-0.994985,-0.077330,0.063447
-14,-34,2,0.007480,0.000174,0.000001,accepted,accepted,0.171288,0.643290,0.150000,4777,False,15.186641,17.231518,0.839562,15.339160,17.243372,0.829836,-0.994985,-0.077330,0.063447
-14,-27,1,0.003740,0.000174,0.000001,accepted,accepted,0.151037,0.307200,0.150000,8435,False,15.193759,17.231518,1.127102,15.312855,17.249571,1.183575,-0.895207,-0.135699,-0.424489
-13,-39,2,0.007480,0.000174,0.000001,accepted,accepted,0.154387,0.612571,0.150000,4777,False,15.186641,17.281553,0.634175,15.322344,17.292099,0.625522,-0.994985,-0.077330,0.063447
-13,-38,1,0.003740,0.000174,0.000001,accepted,accepted,0.149911,0.619636,0.150000,4777,False,15.193759,17.281553,0.675253,15.325008,17.291754,0.666883,-0.994985,-0.077330,0.063447
-13,-37,6,0.022440,0.000174,0.000004,accepted,accepted,0.187928,0.626608,0.150000,4777,False,15.158170,17.281553,0.716330,15.327246,17.294693,0.705548,-0.994985,-0.077330,0.063447
-13,-36,2,0.007480,0.000174,0.000001,accepted,accepted,0.162206,0.633905,0.150000,4777,False,15.186641,17.281553,0.757407,15.330123,17.292704,0.748258,-0.994985,-0.077330,0.063447
-13,-32,1,0.003740,0.000174,0.000001,accepted,accepted,0.165549,0.663317,0.150000,4777,False,15.193759,17.281553,0.921716,15.340568,17.292963,0.912355,-0.994985,-0.077330,0.063447
-13,-31,2,0.007480,0.000174,0.000001,accepted,accepted,0.175237,0.670778,0.150000,4777,False,15.186641,17.281553,0.962793,15.343089,17.293713,0.952817,-0.994985,-0.077330,0.063447
-13,-29,1,0.003740,0.000174,0.000001,accepted,accepted,0.173367,0.685877,0.150000,4777,False,15.193759,17.281553,1.044948,15.348347,17.293568,1.035090,-0.994985,-0.077330,0.063447
-13,-28,1,0.003740,0.000174,0.000001,accepted,accepted,0.161683,0.305759,0.150000,8435,False,15.193759,17.281553,1.086025,15.322386,17.301050,1.147017,-0.895207,-0.135699,-0.424489
-13,-26,1,0.003740,0.000174,0.000001,accepted,accepted,0.126809,0.314728,0.150000,8435,False,15.193759,17.281553,1.168180,15.291166,17.296318,1.214368,-0.895207,-0.135699,-0.424489
-13,-24,1,0.003740,0.000174,0.000001,accepted,accepted,0.091936,0.324105,0.150000,8435,False,15.193759,17.281553,1.250334,15.259948,17.291586,1.281719,-0.895207,-0.135699,-0.424489
-13,-21,1,0.003740,0.000174,0.000001,accepted,accepted,0.039625,0.338961,0.150000,8435,False,15.193759,17.281553,1.373566,15.213119,17.284487,1.382746,-0.895207,-0.135699,-0.424489
-13,-18,1,0.003740,0.000174,0.000001,accepted,accepted,0.012685,0.354793,0.150000,8435,False,15.193759,17.281553,1.496798,15.166290,17.277390,1.483772,-0.895207,-0.135699,-0.424489
-12,-40,3,0.011220,0.000174,0.000002,accepted,accepted,0.156193,0.612932,0.150000,4777,False,15.179523,17.331589,0.611989,15.317022,17.342276,0.603221,-0.994985,-0.077330,0.063447
-12,-39,1,0.003740,0.000174,0.000001,accepted,accepted,0.143436,0.616843,0.150000,4777,False,15.193759,17.331589,0.634175,15.318565,17.341288,0.626217,-0.994985,-0.077330,0.063447
-12,-38,1,0.003740,0.000174,0.000001,accepted,accepted,0.146042,0.624027,0.150000,4777,False,15.193759,17.331589,0.675253,15.321158,17.341490,0.667129,-0.994985,-0.077330,0.063447
-12,-37,2,0.007480,0.000174,0.000001,accepted,accepted,0.155730,0.631260,0.150000,4777,False,15.186641,17.331589,0.716330,15.323680,17.342239,0.707591,-0.994985,-0.077330,0.063447
-12,-36,1,0.003740,0.000174,0.000001,accepted,accepted,0.151254,0.638634,0.150000,4777,False,15.193759,17.331589,0.757407,15.326344,17.341892,0.748953,-0.994985,-0.077330,0.063447
-12,-35,1,0.003740,0.000174,0.000001,accepted,accepted,0.153860,0.646051,0.150000,4777,False,15.193759,17.331589,0.798484,15.328938,17.342094,0.789864,-0.994985,-0.077330,0.063447
-12,-33,2,0.007480,0.000174,0.000001,accepted,accepted,0.166156,0.661064,0.150000,4777,False,15.186641,17.331589,0.880639,15.334053,17.343044,0.871239,-0.994985,-0.077330,0.063447
-12,-32,2,0.007480,0.000174,0.000001,accepted,accepted,0.168762,0.668678,0.150000,4777,False,15.186641,17.331589,0.921716,15.336646,17.343246,0.912151,-0.994985,-0.077330,0.063447
-12,-29,1,0.003740,0.000174,0.000001,accepted,accepted,0.169498,0.691834,0.150000,4777,False,15.193759,17.331589,1.044948,15.344497,17.343304,1.035336,-0.994985,-0.077330,0.063447
-12,-17,1,0.003740,0.000174,0.000001,accepted,accepted,0.036912,0.365004,0.150000,8435,False,15.193759,17.331589,1.537875,15.144602,17.324137,1.514565,-0.895207,-0.135699,-0.424489
-11,-40,10,0.037400,0.000174,0.000007,accepted,accepted,0.201898,0.616677,0.150000,4777,False,15.129698,17.381624,0.611989,15.312674,17.395845,0.600321,-0.994985,-0.077330,0.063447
-11,-39,2,0.007480,0.000174,0.000001,accepted,accepted,0.146649,0.620892,0.150000,4777,False,15.186641,17.381624,0.634175,15.314644,17.391573,0.626013,-0.994985,-0.077330,0.063447
-11,-38,1,0.003740,0.000174,0.000001,accepted,accepted,0.142172,0.628256,0.150000,4777,False,15.193759,17.381624,0.675253,15.317308,17.391226,0.667374,-0.994985,-0.077330,0.063447
-11,-37,4,0.014960,0.000174,0.000003,accepted,accepted,0.166025,0.635565,0.150000,4777,False,15.172405,17.381624,0.716330,15.319688,17.393070,0.706938,-0.994985,-0.077330,0.063447
-11,-36,3,0.011220,0.000174,0.000002,accepted,accepted,0.161550,0.643099,0.150000,4777,False,15.179523,17.381624,0.757407,15.322352,17.392725,0.748299,-0.994985,-0.077330,0.063447
-11,-35,1,0.003740,0.000174,0.000001,accepted,accepted,0.149992,0.650745,0.150000,4777,False,15.193759,17.381624,0.798484,15.325089,17.391830,0.790110,-0.994985,-0.077330,0.063447
-11,-34,1,0.003740,0.000174,0.000001,accepted,accepted,0.152598,0.658397,0.150000,4777,False,15.193759,17.381624,0.839562,15.327682,17.392033,0.831022,-0.994985,-0.077330,0.063447
-11,-33,1,0.003740,0.000174,0.000001,accepted,accepted,0.155204,0.666120,0.150000,4777,False,15.193759,17.381624,0.880639,15.330275,17.392233,0.871934,-0.994985,-0.077330,0.063447
-11,-32,1,0.003740,0.000174,0.000001,accepted,accepted,0.157810,0.673908,0.150000,4777,False,15.193759,17.381624,0.921716,15.332868,17.392435,0.912846,-0.994985,-0.077330,0.063447
-11,-31,1,0.003740,0.000174,0.000001,accepted,accepted,0.160416,0.681755,0.150000,4777,False,15.193759,17.381624,0.962793,15.335461,17.392637,0.953758,-0.994985,-0.077330,0.063447
-11,-29,1,0.003740,0.000174,0.000001,accepted,accepted,0.165541,0.306640,0.150000,8435,False,15.193759,17.381624,1.044948,15.325839,17.401644,1.107577,-0.895207,-0.135699,-0.424489
-11,-27,2,0.007480,0.000174,0.000001,accepted,accepted,0.137040,0.316372,0.150000,8435,False,15.186641,17.381624,1.127102,15.293206,17.397778,1.177633,-0.895207,-0.135699,-0.424489
-11,-26,1,0.003740,0.000174,0.000001,accepted,accepted,0.113230,0.320733,0.150000,8435,False,15.193759,17.381624,1.168180,15.279010,17.394547,1.208604,-0.895207,-0.135699,-0.424489
-11,-25,1,0.003740,0.000174,0.000001,accepted,accepted,0.095793,0.325663,0.150000,8435,False,15.193759,17.381624,1.209257,15.263400,17.392179,1.242279,-0.895207,-0.135699,-0.424489
-11,-21,1,0.003740,0.000174,0.000001,accepted,accepted,0.026046,0.346611,0.150000,8435,False,15.193759,17.381624,1.373566,15.200962,17.382715,1.376981,-0.895207,-0.135699,-0.424489
-11,-18,1,0.003740,0.000174,0.000001,accepted,accepted,0.026264,0.363672,0.150000,8435,False,15.193759,17.381624,1.496798,15.154134,17.375616,1.478008,-0.895207,-0.135699,-0.424489
-11,-17,1,0.003740,0.000174,0.000001,accepted,accepted,0.043701,0.369625,0.150000,8435,False,15.193759,17.381624,1.537875,15.138524,17.373251,1.511683,-0.895207,-0.135699,-0.424489
-11,-14,1,0.003740,0.000174,0.000001,accepted,accepted,0.096012,0.388295,0.150000,8435,False,15.193759,17.381624,1.661107,15.091695,17.366152,1.612710,-0.895207,-0.135699,-0.424489
-11,-7,1,0.003740,0.000174,0.000001,accepted,accepted,0.218069,0.436414,0.150000,8435,False,15.193759,17.381624,1.948647,14.982429,17.349588,1.848439,-0.895207,-0.135699,-0.424489
-11,4,1,0.003740,0.000174,0.000001,accepted_fallback,accept_fallback_receive,0.259236,-0.804493,0.150000,2577,True,15.193759,17.381624,2.400497,15.463431,17.441067,2.453763,0.958882,0.211362,0.189399
-10,-40,8,0.029920,0.000174,0.000005,accepted,accepted,0.183865,0.620569,0.150000,4777,False,15.143933,17.431660,0.611989,15.308967,17.444485,0.601465,-0.994985,-0.077330,0.063447
-10,-39,4,0.014960,0.000174,0.000003,accepted,accepted,0.156944,0.624725,0.150000,4777,False,15.172405,17.431660,0.634175,15.310652,17.442404,0.625360,-0.994985,-0.077330,0.063447
-10,-38,1,0.003740,0.000174,0.000001,accepted,accepted,0.138303,0.632311,0.150000,4777,False,15.193759,17.431660,0.675253,15.313458,17.440962,0.667620,-0.994985,-0.077330,0.063447
-10,-37,3,0.011220,0.000174,0.000002,accepted,accepted,0.155075,0.639793,0.150000,4777,False,15.179523,17.431660,0.716330,15.315909,17.442259,0.707633,-0.994985,-0.077330,0.063447
-10,-36,2,0.007480,0.000174,0.000001,accepted,accepted,0.150599,0.647481,0.150000,4777,False,15.186641,17.431660,0.757407,15.318574,17.441914,0.748994,-0.994985,-0.077330,0.063447
-10,-35,1,0.003740,0.000174,0.000001,accepted,accepted,0.146122,0.655251,0.150000,4777,False,15.193759,17.431660,0.798484,15.321239,17.441566,0.790356,-0.994985,-0.077330,0.063447
-10,-34,1,0.003740,0.000174,0.000001,accepted,accepted,0.148729,0.663065,0.150000,4777,False,15.193759,17.431660,0.839562,15.323832,17.441769,0.831267,-0.994985,-0.077330,0.063447
-10,-32,1,0.003740,0.000174,0.000001,accepted,accepted,0.153941,0.678913,0.150000,4777,False,15.193759,17.431660,0.921716,15.329018,17.442171,0.913091,-0.994985,-0.077330,0.063447
-10,-31,1,0.003740,0.000174,0.000001,accepted,accepted,0.156547,0.686937,0.150000,4777,False,15.193759,17.431660,0.962793,15.331611,17.442373,0.954003,-0.994985,-0.077330,0.063447
-10,-28,2,0.007480,0.000174,0.000001,accepted,accepted,0.147686,0.314256,0.150000,8435,False,15.186641,17.431660,1.086025,15.302737,17.449257,1.141075,-0.895207,-0.135699,-0.424489
-10,-27,1,0.003740,0.000174,0.000001,accepted,accepted,0.123877,0.318635,0.150000,8435,False,15.193759,17.431660,1.127102,15.288542,17.446026,1.172046,-0.895207,-0.135699,-0.424489
-10,-25,1,0.003740,0.000174,0.000001,accepted,accepted,0.089004,0.328657,0.150000,8435,False,15.193759,17.431660,1.209257,15.257322,17.441294,1.239397,-0.895207,-0.135699,-0.424489
-10,-24,2,0.007480,0.000174,0.000001,accepted,accepted,0.077939,0.334360,0.150000,8435,False,15.186641,17.431660,1.250334,15.240299,17.439793,1.275778,-0.895207,-0.135699,-0.424489
-10,-19,2,0.007480,0.000174,0.000001,accepted,accepted,0.009245,0.362490,0.150000,8435,False,15.186641,17.431660,1.455720,15.162251,17.427961,1.444155,-0.895207,-0.135699,-0.424489
-9,-40,8,0.029920,0.000174,0.000005,accepted,accepted,0.179996,0.624208,0.150000,4777,False,15.143933,17.481697,0.611989,15.305117,17.494225,0.601710,-0.994985,-0.077330,0.063447
-9,-39,4,0.014960,0.000174,0.000003,accepted,accepted,0.153074,0.628448,0.150000,4777,False,15.172405,17.481697,0.634175,15.306802,17.492142,0.625605,-0.994985,-0.077330,0.063447
-9,-38,3,0.011220,0.000174,0.000002,accepted,accepted,0.148599,0.636095,0.150000,4777,False,15.179523,17.481697,0.675253,15.309466,17.491796,0.666966,-0.994985,-0.077330,0.063447
-9,-37,1,0.003740,0.000174,0.000001,accepted,accepted,0.137040,0.643880,0.150000,4777,False,15.193759,17.481697,0.716330,15.312201,17.490902,0.708777,-0.994985,-0.077330,0.063447
-9,-36,1,0.003740,0.000174,0.000001,accepted,accepted,0.139647,0.651674,0.150000,4777,False,15.193759,17.481697,0.757407,15.314795,17.491104,0.749689,-0.994985,-0.077330,0.063447
-9,-35,2,0.007480,0.000174,0.000001,accepted,accepted,0.149335,0.659516,0.150000,4777,False,15.186641,17.481697,0.798484,15.317317,17.491854,0.790152,-0.994985,-0.077330,0.063447
-9,-34,2,0.007480,0.000174,0.000001,accepted,accepted,0.151941,0.667485,0.150000,4777,False,15.186641,17.481697,0.839562,15.319910,17.492054,0.831064,-0.994985,-0.077330,0.063447
-9,-33,3,0.011220,0.000174,0.000002,accepted,accepted,0.161631,0.675497,0.150000,4777,False,15.179523,17.481697,0.880639,15.322433,17.492804,0.871526,-0.994985,-0.077330,0.063447
-9,-32,4,0.014960,0.000174,0.000003,accepted,accepted,0.171318,0.683586,0.150000,4777,False,15.172405,17.481697,0.921716,15.324954,17.493553,0.911989,-0.994985,-0.077330,0.063447
-9,-31,1,0.003740,0.000174,0.000001,accepted,accepted,0.152677,0.691897,0.150000,4777,False,15.193759,17.481697,0.962793,15.327761,17.492111,0.954248,-0.994985,-0.077330,0.063447
-9,-28,2,0.007480,0.000174,0.000001,accepted,accepted,0.140896,0.316736,0.150000,8435,False,15.186641,17.481697,1.086025,15.296659,17.498373,1.138193,-0.895207,-0.135699,-0.424489
-9,-25,1,0.003740,0.000174,0.000001,accepted,accepted,0.082213,0.331530,0.150000,8435,False,15.193759,17.481697,1.209257,15.251244,17.490410,1.236515,-0.895207,-0.135699,-0.424489
-9,-24,1,0.003740,0.000174,0.000001,accepted,accepted,0.064776,0.336884,0.150000,8435,False,15.193759,17.481697,1.250334,15.235634,17.488045,1.270190,-0.895207,-0.135699,-0.424489
-9,-4,1,0.003740,0.000174,0.000001,accepted,accepted,0.283960,0.476760,0.150000,8435,False,15.193759,17.481697,2.071879,14.923443,17.440722,1.943701,-0.895207,-0.135699,-0.424489
-8,-40,8,0.029920,0.000174,0.000005,accepted,accepted,0.176127,0.627656,0.150000,4777,False,15.143933,17.531733,0.611989,15.301267,17.543961,0.601956,-0.994985,-0.077330,0.063447
-8,-39,3,0.011220,0.000174,0.000002,accepted,accepted,0.142124,0.632026,0.150000,4777,False,15.179523,17.531733,0.634175,15.303023,17.541330,0.626300,-0.994985,-0.077330,0.063447
-8,-38,1,0.003740,0.000174,0.000001,accepted,accepted,0.130564,0.639852,0.150000,4777,False,15.193759,17.531733,0.675253,15.305758,17.540438,0.668111,-0.994985,-0.077330,0.063447
-8,-37,2,0.007480,0.000174,0.000001,accepted,accepted,0.140254,0.647640,0.150000,4777,False,15.186641,17.531733,0.716330,15.308281,17.541185,0.708573,-0.994985,-0.077330,0.063447
-8,-36,4,0.014960,0.000174,0.000003,accepted,accepted,0.157024,0.655481,0.150000,4777,False,15.172405,17.531733,0.757407,15.310732,17.542482,0.748587,-0.994985,-0.077330,0.063447
-8,-35,2,0.007480,0.000174,0.000001,accepted,accepted,0.145466,0.663601,0.150000,4777,False,15.186641,17.531733,0.798484,15.313467,17.541590,0.790397,-0.994985,-0.077330,0.063447
-8,-34,1,0.003740,0.000174,0.000001,accepted,accepted,0.140990,0.671765,0.150000,4777,False,15.193759,17.531733,0.839562,15.316132,17.541243,0.831758,-0.994985,-0.077330,0.063447
-8,-33,2,0.007480,0.000174,0.000001,accepted,accepted,0.150678,0.679926,0.150000,4777,False,15.186641,17.531733,0.880639,15.318653,17.541992,0.872221,-0.994985,-0.077330,0.063447
-8,-32,2,0.007480,0.000174,0.000001,accepted,accepted,0.153285,0.688213,0.150000,4777,False,15.186641,17.531733,0.921716,15.321247,17.542194,0.913133,-0.994985,-0.077330,0.063447
-8,-30,3,0.011220,0.000174,0.000002,accepted,accepted,0.165580,0.704964,0.150000,4777,False,15.179523,17.531733,1.003871,15.326362,17.543144,0.994507,-0.994985,-0.077330,0.063447
-8,-29,3,0.011220,0.000174,0.000002,accepted,accepted,0.157915,0.314590,0.150000,8435,False,15.179523,17.531733,1.044948,15.304776,17.550718,1.104341,-0.895207,-0.135699,-0.424489
-8,-28,1,0.003740,0.000174,0.000001,accepted,accepted,0.127734,0.318632,0.150000,8435,False,15.193759,17.531733,1.086025,15.291994,17.546623,1.132606,-0.895207,-0.135699,-0.424489
-8,-26,1,0.003740,0.000174,0.000001,accepted,accepted,0.092860,0.328917,0.150000,8435,False,15.193759,17.531733,1.168180,15.260775,17.541891,1.199957,-0.895207,-0.135699,-0.424489
-8,-22,2,0.007480,0.000174,0.000001,accepted,accepted,0.029486,0.351779,0.150000,8435,False,15.186641,17.531733,1.332489,15.196923,17.533291,1.337364,-0.895207,-0.135699,-0.424489
-8,-21,1,0.003740,0.000174,0.000001,accepted,accepted,0.005676,0.357191,0.150000,8435,False,15.193759,17.531733,1.373566,15.182727,17.530060,1.368335,-0.895207,-0.135699,-0.424489
-8,-17,1,0.003740,0.000174,0.000001,accepted,accepted,0.064071,0.382720,0.150000,8435,False,15.193759,17.531733,1.537875,15.120289,17.520596,1.503037,-0.895207,-0.135699,-0.424489
-8,-14,1,0.003740,0.000174,0.000001,accepted,accepted,0.116381,0.403721,0.150000,8435,False,15.193759,17.531733,1.661107,15.073461,17.513496,1.604063,-0.895207,-0.135699,-0.424489
-8,-11,1,0.003740,0.000174,0.000001,accepted,accepted,0.168692,0.426388,0.150000,8435,False,15.193759,17.531733,1.784338,15.026631,17.506397,1.705090,-0.895207,-0.135699,-0.424489
-7,-40,14,0.052360,0.000174,0.000009,accepted,accepted,0.214750,0.630598,0.150000,4777,False,15.101227,17.581768,0.611989,15.296989,17.596983,0.599505,-0.994985,-0.077330,0.063447
-7,-39,3,0.011220,0.000174,0.000002,accepted,accepted,0.138254,0.635355,0.150000,4777,False,15.179523,17.581768,0.634175,15.299173,17.591066,0.626546,-0.994985,-0.077330,0.063447
-7,-38,3,0.011220,0.000174,0.000002,accepted,accepted,0.140860,0.643211,0.150000,4777,False,15.179523,17.581768,0.675253,15.301766,17.591269,0.667458,-0.994985,-0.077330,0.063447
-7,-37,4,0.014960,0.000174,0.000003,accepted,accepted,0.150549,0.651124,0.150000,4777,False,15.172405,17.581768,0.716330,15.304289,17.592018,0.707920,-0.994985,-0.077330,0.063447
-7,-36,2,0.007480,0.000174,0.000001,accepted,accepted,0.138990,0.659290,0.150000,4777,False,15.186641,17.581768,0.757407,15.307024,17.591124,0.749731,-0.994985,-0.077330,0.063447
-7,-34,3,0.011220,0.000174,0.000002,accepted,accepted,0.151286,0.675670,0.150000,4777,False,15.179523,17.581768,0.839562,15.312140,17.592075,0.831105,-0.994985,-0.077330,0.063447
-7,-33,4,0.014960,0.000174,0.000003,accepted,accepted,0.160973,0.683976,0.150000,4777,False,15.172405,17.581768,0.880639,15.314661,17.592823,0.871568,-0.994985,-0.077330,0.063447
-7,-32,1,0.003740,0.000174,0.000001,accepted,accepted,0.142333,0.692560,0.150000,4777,False,15.193759,17.581768,0.921716,15.317468,17.591383,0.913828,-0.994985,-0.077330,0.063447
-7,-31,1,0.003740,0.000174,0.000001,accepted,accepted,0.144939,0.701079,0.150000,4777,False,15.193759,17.581768,0.962793,15.320061,17.591583,0.954740,-0.994985,-0.077330,0.063447
-7,-30,1,0.003740,0.000174,0.000001,accepted,accepted,0.147546,0.709672,0.150000,4777,False,15.193759,17.581768,1.003871,15.322655,17.591785,0.995651,-0.994985,-0.077330,0.063447
-7,-29,2,0.007480,0.000174,0.000001,accepted,accepted,0.144754,0.316254,0.150000,8435,False,15.186641,17.581768,1.044948,15.300112,17.598969,1.098753,-0.895207,-0.135699,-0.424489
-7,-28,3,0.011220,0.000174,0.000002,accepted,accepted,0.133689,0.321787,0.150000,8435,False,15.179523,17.581768,1.086025,15.283089,17.597466,1.135134,-0.895207,-0.135699,-0.424489
-7,-26,1,0.003740,0.000174,0.000001,accepted,accepted,0.086071,0.331379,0.150000,8435,False,15.193759,17.581768,1.168180,15.254697,17.591005,1.197075,-0.895207,-0.135699,-0.424489
-7,-25,1,0.003740,0.000174,0.000001,accepted,accepted,0.068634,0.336866,0.150000,8435,False,15.193759,17.581768,1.209257,15.239087,17.588638,1.230750,-0.895207,-0.135699,-0.424489
-7,-24,2,0.007480,0.000174,0.000001,accepted,accepted,0.057569,0.343036,0.150000,8435,False,15.186641,17.581768,1.250334,15.222064,17.587137,1.267131,-0.895207,-0.135699,-0.424489
-7,-23,1,0.003740,0.000174,0.000001,accepted,accepted,0.033761,0.348310,0.150000,8435,False,15.193759,17.581768,1.291411,15.207869,17.583906,1.298101,-0.895207,-0.135699,-0.424489
-7,-21,2,0.007480,0.000174,0.000001,accepted,accepted,0.005259,0.360993,0.150000,8435,False,15.186641,17.581768,1.373566,15.175236,17.580038,1.368157,-0.895207,-0.135699,-0.424489
-7,-13,1,0.003740,0.000174,0.000001,accepted,accepted,0.140608,0.416178,0.150000,8435,False,15.193759,17.581768,1.702184,15.051772,17.560244,1.634857,-0.895207,-0.135699,-0.424489
-7,-7,1,0.003740,0.000174,0.000001,accepted,accepted,0.245229,0.466508,0.150000,8435,False,15.193759,17.581768,1.948647,14.958115,17.546047,1.836910,-0.895207,-0.135699,-0.424489
-6,-40,8,0.029920,0.000174,0.000005,accepted,accepted,0.168388,0.633938,0.150000,4777,False,15.143933,17.631804,0.611989,15.293567,17.643433,0.602447,-0.994985,-0.077330,0.063447
-6,-39,5,0.018700,0.000174,0.000003,accepted,accepted,0.148549,0.638361,0.150000,4777,False,15.165287,17.631804,0.634175,15.295181,17.641899,0.625892,-0.994985,-0.077330,0.063447
-6,-38,1,0.003740,0.000174,0.000001,accepted,accepted,0.122827,0.646551,0.150000,4777,False,15.193759,17.631804,0.675253,15.298059,17.639910,0.668602,-0.994985,-0.077330,0.063447
-6,-37,1,0.003740,0.000174,0.000001,accepted,accepted,0.125433,0.654634,0.150000,4777,False,15.193759,17.631804,0.716330,15.300653,17.640110,0.709514,-0.994985,-0.077330,0.063447
-6,-36,3,0.011220,0.000174,0.000002,accepted,accepted,0.142204,0.662718,0.150000,4777,False,15.179523,17.631804,0.757407,15.303103,17.641407,0.749527,-0.994985,-0.077330,0.063447
-6,-35,3,0.011220,0.000174,0.000002,accepted,accepted,0.144810,0.671014,0.150000,4777,False,15.179523,17.631804,0.798484,15.305696,17.641609,0.790439,-0.994985,-0.077330,0.063447
-6,-34,2,0.007480,0.000174,0.000001,accepted,accepted,0.140334,0.679466,0.150000,4777,False,15.186641,17.631804,0.839562,15.308361,17.641264,0.831800,-0.994985,-0.077330,0.063447
-6,-31,3,0.011220,0.000174,0.000002,accepted,accepted,0.155235,0.705163,0.150000,4777,False,15.179523,17.631804,0.962793,15.316069,17.642416,0.954086,-0.994985,-0.077330,0.063447
-6,-30,1,0.003740,0.000174,0.000001,accepted,accepted,0.143676,0.714014,0.150000,4777,False,15.193759,17.631804,1.003871,15.318805,17.641521,0.995897,-0.994985,-0.077330,0.063447
-6,-29,2,0.007480,0.000174,0.000001,accepted,accepted,0.137964,0.318230,0.150000,8435,False,15.186641,17.631804,1.044948,15.294034,17.648081,1.095871,-0.895207,-0.135699,-0.424489
-6,-28,1,0.003740,0.000174,0.000001,accepted,accepted,0.114155,0.322927,0.150000,8435,False,15.193759,17.631804,1.086025,15.279838,17.644852,1.126842,-0.895207,-0.135699,-0.424489
-6,-27,1,0.003740,0.000174,0.000001,accepted,accepted,0.096718,0.328231,0.150000,8435,False,15.193759,17.631804,1.127102,15.264228,17.642485,1.160517,-0.895207,-0.135699,-0.424489
-6,-24,2,0.007480,0.000174,0.000001,accepted,accepted,0.050780,0.345618,0.150000,8435,False,15.186641,17.631804,1.250334,15.215986,17.636251,1.264249,-0.895207,-0.135699,-0.424489
-6,-23,3,0.011220,0.000174,0.000002,accepted,accepted,0.039715,0.352138,0.150000,8435,False,15.179523,17.631804,1.291411,15.198962,17.634750,1.300629,-0.895207,-0.135699,-0.424489
-6,-13,1,0.003740,0.000174,0.000001,accepted,accepted,0.147398,0.421042,0.150000,8435,False,15.193759,17.631804,1.702184,15.045694,17.609358,1.631974,-0.895207,-0.135699,-0.424489
-5,-40,12,0.044880,0.000174,0.000008,accepted,accepted,0.192847,0.636518,0.150000,4777,False,15.115462,17.681839,0.611989,15.289433,17.695360,0.600895,-0.994985,-0.077330,0.063447
-5,-39,10,0.037400,0.000174,0.000007,accepted,accepted,0.180091,0.640950,0.150000,4777,False,15.129698,17.681839,0.634175,15.290976,17.694372,0.623891,-0.994985,-0.077330,0.063447
-5,-38,7,0.026180,0.000174,0.000005,accepted,accepted,0.161450,0.649206,0.150000,4777,False,15.151052,17.681839,0.675253,15.293782,17.692932,0.666151,-0.994985,-0.077330,0.063447
-5,-37,3,0.011220,0.000174,0.000002,accepted,accepted,0.135729,0.657636,0.150000,4777,False,15.179523,17.681839,0.716330,15.296660,17.690943,0.708860,-0.994985,-0.077330,0.063447
-5,-36,4,0.014960,0.000174,0.000003,accepted,accepted,0.145416,0.665887,0.150000,4777,False,15.172405,17.681839,0.757407,15.299182,17.691692,0.749323,-0.994985,-0.077330,0.063447
-5,-35,2,0.007480,0.000174,0.000001,accepted,accepted,0.133859,0.674422,0.150000,4777,False,15.186641,17.681839,0.798484,15.301918,17.690798,0.791134,-0.994985,-0.077330,0.063447
-5,-34,3,0.011220,0.000174,0.000002,accepted,accepted,0.143547,0.682889,0.150000,4777,False,15.179523,17.681839,0.839562,15.304440,17.691547,0.831596,-0.994985,-0.077330,0.063447
-5,-33,3,0.011220,0.000174,0.000002,accepted,accepted,0.146153,0.691514,0.150000,4777,False,15.179523,17.681839,0.880639,15.307033,17.691750,0.872508,-0.994985,-0.077330,0.063447
-5,-32,3,0.011220,0.000174,0.000002,accepted,accepted,0.148759,0.700236,0.150000,4777,False,15.179523,17.681839,0.921716,15.309626,17.691950,0.913420,-0.994985,-0.077330,0.063447
-5,-31,3,0.011220,0.000174,0.000002,accepted,accepted,0.151365,0.709048,0.150000,4777,False,15.179523,17.681839,0.962793,15.312219,17.692152,0.954332,-0.994985,-0.077330,0.063447
-5,-29,2,0.007480,0.000174,0.000001,accepted,accepted,0.131174,0.320060,0.150000,8435,False,15.186641,17.681839,1.044948,15.287955,17.697195,1.092989,-0.895207,-0.135699,-0.424489
-5,-25,5,0.018700,0.000174,0.000003,accepted,accepted,0.080543,0.343683,0.150000,8435,False,15.165287,17.681839,1.209257,15.221276,17.690325,1.235806,-0.895207,-0.135699,-0.424489
-5,-21,3,0.011220,0.000174,0.000002,accepted,accepted,0.001949,0.367498,0.150000,8435,False,15.179523,17.681839,1.373566,15.161665,17.679131,1.365098,-0.895207,-0.135699,-0.424489
-5,-20,1,0.003740,0.000174,0.000001,accepted,accepted,0.032130,0.372958,0.150000,8435,False,15.193759,17.681839,1.414643,15.148883,17.675035,1.393364,-0.895207,-0.135699,-0.424489
-5,-19,1,0.003740,0.000174,0.000001,accepted,accepted,0.049567,0.379821,0.150000,8435,False,15.193759,17.681839,1.455720,15.133273,17.672670,1.427039,-0.895207,-0.135699,-0.424489
-5,-18,2,0.007480,0.000174,0.000001,accepted,accepted,0.060631,0.387556,0.150000,8435,False,15.186641,17.681839,1.496798,15.116250,17.671167,1.463420,-0.895207,-0.135699,-0.424489
-5,-16,1,0.003740,0.000174,0.000001,accepted,accepted,0.101877,0.401700,0.150000,8435,False,15.193759,17.681839,1.578952,15.086445,17.665571,1.528066,-0.895207,-0.135699,-0.424489
-5,-15,1,0.003740,0.000174,0.000001,accepted,accepted,0.119314,0.409444,0.150000,8435,False,15.193759,17.681839,1.620029,15.070835,17.663204,1.561741,-0.895207,-0.135699,-0.424489
-5,-14,1,0.003740,0.000174,0.000001,accepted,accepted,0.136751,0.417425,0.150000,8435,False,15.193759,17.681839,1.661107,15.055225,17.660839,1.595417,-0.895207,-0.135699,-0.424489
-4,-40,21,0.078540,0.000174,0.000014,accepted,accepted,0.252718,0.638525,0.150000,4777,False,15.051401,17.731874,0.611989,15.284942,17.750025,0.597096,-0.994985,-0.077330,0.063447
-4,-39,3,0.011220,0.000174,0.000002,accepted,accepted,0.126647,0.644009,0.150000,4777,False,15.179523,17.731874,0.634175,15.287624,17.740276,0.627282,-0.994985,-0.077330,0.063447
-4,-38,5,0.018700,0.000174,0.000003,accepted,accepted,0.143417,0.652067,0.150000,4777,False,15.165287,17.731874,0.675253,15.290074,17.741573,0.667295,-0.994985,-0.077330,0.063447
-4,-37,4,0.014960,0.000174,0.000003,accepted,accepted,0.138940,0.660431,0.150000,4777,False,15.172405,17.731874,0.716330,15.292739,17.741226,0.708657,-0.994985,-0.077330,0.063447
-4,-36,8,0.029920,0.000174,0.000005,accepted,accepted,0.169876,0.668599,0.150000,4777,False,15.143933,17.731874,0.757407,15.295048,17.743618,0.747771,-0.994985,-0.077330,0.063447
-4,-35,7,0.026180,0.000174,0.000005,accepted,accepted,0.165399,0.677194,0.150000,4777,False,15.151052,17.731874,0.798484,15.297711,17.743273,0.789132,-0.994985,-0.077330,0.063447
-4,-34,6,0.022440,0.000174,0.000004,accepted,accepted,0.160923,0.685898,0.150000,4777,False,15.158170,17.731874,0.839562,15.300376,17.742926,0.830494,-0.994985,-0.077330,0.063447
-4,-33,3,0.011220,0.000174,0.000002,accepted,accepted,0.142284,0.694833,0.150000,4777,False,15.179523,17.731874,0.880639,15.303183,17.741486,0.872753,-0.994985,-0.077330,0.063447
-4,-32,2,0.007480,0.000174,0.000001,accepted,accepted,0.137808,0.703743,0.150000,4777,False,15.186641,17.731874,0.921716,15.305847,17.741138,0.914115,-0.994985,-0.077330,0.063447
-4,-31,3,0.011220,0.000174,0.000002,accepted,accepted,0.147497,0.712624,0.150000,4777,False,15.179523,17.731874,0.962793,15.308370,17.741888,0.954577,-0.994985,-0.077330,0.063447
-4,-30,1,0.003740,0.000174,0.000001,accepted,accepted,0.135449,0.316071,0.150000,8435,False,15.193759,17.731874,1.003871,15.298901,17.747812,1.053726,-0.895207,-0.135699,-0.424489
-4,-29,1,0.003740,0.000174,0.000001,accepted,accepted,0.118012,0.321266,0.150000,8435,False,15.193759,17.731874,1.044948,15.283291,17.745445,1.087402,-0.895207,-0.135699,-0.424489
-4,-28,2,0.007480,0.000174,0.000001,accepted,accepted,0.106948,0.327099,0.150000,8435,False,15.186641,17.731874,1.086025,15.266268,17.743944,1.123782,-0.895207,-0.135699,-0.424489
-4,-27,1,0.003740,0.000174,0.000001,accepted,accepted,0.083138,0.332127,0.150000,8435,False,15.193759,17.731874,1.127102,15.252071,17.740713,1.154753,-0.895207,-0.135699,-0.424489
-4,-26,1,0.003740,0.000174,0.000001,accepted,accepted,0.065702,0.337805,0.150000,8435,False,15.193759,17.731874,1.168180,15.236463,17.738346,1.188428,-0.895207,-0.135699,-0.424489
-4,-21,2,0.007480,0.000174,0.000001,accepted,accepted,0.015110,0.369536,0.150000,8435,False,15.186641,17.731874,1.373566,15.157001,17.727381,1.359511,-0.895207,-0.135699,-0.424489
-4,-19,2,0.007480,0.000174,0.000001,accepted,accepted,0.049984,0.383435,0.150000,8435,False,15.186641,17.731874,1.455720,15.125781,17.722649,1.426862,-0.895207,-0.135699,-0.424489
-3,-40,13,0.048620,0.000174,0.000008,accepted,accepted,0.192191,0.641343,0.150000,4777,False,15.108344,17.781912,0.611989,15.281661,17.795382,0.600937,-0.994985,-0.077330,0.063447
-3,-39,3,0.011220,0.000174,0.000002,accepted,accepted,0.122777,0.646415,0.150000,4777,False,15.179523,17.781912,0.634175,15.283773,17.790014,0.627528,-0.994985,-0.077330,0.063447
-3,-38,8,0.029920,0.000174,0.000005,accepted,accepted,0.160794,0.654360,0.150000,4777,False,15.143933,17.781912,0.675253,15.286011,17.792953,0.666193,-0.994985,-0.077330,0.063447
-3,-37,6,0.022440,0.000174,0.000004,accepted,accepted,0.149236,0.662889,0.150000,4777,False,15.158170,17.781912,0.716330,15.288747,17.792061,0.708003,-0.994985,-0.077330,0.063447
-3,-36,3,0.011220,0.000174,0.000002,accepted,accepted,0.130596,0.671605,0.150000,4777,False,15.179523,17.781912,0.757407,15.291553,17.790619,0.750263,-0.994985,-0.077330,0.063447
-3,-35,4,0.014960,0.000174,0.000003,accepted,accepted,0.140283,0.680174,0.150000,4777,False,15.172405,17.781912,0.798484,15.294075,17.791368,0.790726,-0.994985,-0.077330,0.063447
-3,-34,4,0.014960,0.000174,0.000003,accepted,accepted,0.142889,0.688923,0.150000,4777,False,15.172405,17.781912,0.839562,15.296668,17.791569,0.831638,-0.994985,-0.077330,0.063447
-3,-33,3,0.011220,0.000174,0.000002,accepted,accepted,0.138414,0.697850,0.150000,4777,False,15.179523,17.781912,0.880639,15.299333,17.791224,0.872999,-0.994985,-0.077330,0.063447
-3,-32,5,0.018700,0.000174,0.000003,accepted,accepted,0.155185,0.706680,0.150000,4777,False,15.165287,17.781912,0.921716,15.301784,17.792521,0.913012,-0.994985,-0.077330,0.063447
-3,-29,1,0.003740,0.000174,0.000001,accepted,accepted,0.111222,0.322775,0.150000,8435,False,15.193759,17.781912,1.044948,15.277212,17.794561,1.084520,-0.895207,-0.135699,-0.424489
-3,-28,3,0.011220,0.000174,0.000002,accepted,accepted,0.106530,0.329186,0.150000,8435,False,15.179523,17.781912,1.086025,15.258776,17.793924,1.123605,-0.895207,-0.135699,-0.424489
-3,-27,3,0.011220,0.000174,0.000002,accepted,accepted,0.089093,0.334821,0.150000,8435,False,15.179523,17.781912,1.127102,15.243166,17.791559,1.157280,-0.895207,-0.135699,-0.424489
-3,-26,3,0.011220,0.000174,0.000002,accepted,accepted,0.071656,0.340631,0.150000,8435,False,15.179523,17.781912,1.168180,15.227556,17.789192,1.190956,-0.895207,-0.135699,-0.424489
-3,-24,1,0.003740,0.000174,0.000001,accepted,accepted,0.024038,0.351693,0.150000,8435,False,15.193759,17.781912,1.250334,15.199164,17.782730,1.252897,-0.895207,-0.135699,-0.424489
-3,-23,1,0.003740,0.000174,0.000001,accepted,accepted,0.006601,0.358033,0.150000,8435,False,15.193759,17.781912,1.291411,15.183555,17.780365,1.286573,-0.895207,-0.135699,-0.424489
-3,-22,1,0.003740,0.000174,0.000001,accepted,accepted,0.010835,0.364576,0.150000,8435,False,15.193759,17.781912,1.332489,15.167946,17.777998,1.320248,-0.895207,-0.135699,-0.424489
-3,-20,1,0.003740,0.000174,0.000001,accepted,accepted,0.045709,0.378301,0.150000,8435,False,15.193759,17.781912,1.414643,15.136726,17.773266,1.387599,-0.895207,-0.135699,-0.424489
-3,-17,1,0.003740,0.000174,0.000001,accepted,accepted,0.098020,0.400613,0.150000,8435,False,15.193759,17.781912,1.537875,15.089897,17.766167,1.488626,-0.895207,-0.135699,-0.424489
-3,-15,1,0.003740,0.000174,0.000001,accepted,accepted,0.132894,0.416740,0.150000,8435,False,15.193759,17.781912,1.620029,15.058679,17.761435,1.555977,-0.895207,-0.135699,-0.424489
-3,-12,1,0.003740,0.000174,0.000001,accepted,accepted,0.185204,0.442984,0.150000,8435,False,15.193759,17.781912,1.743261,15.011849,17.754337,1.657003,-0.895207,-0.135699,-0.424489
-3,-10,1,0.003740,0.000174,0.000001,accepted,accepted,0.220077,0.461948,0.150000,8435,False,15.193759,17.781912,1.825416,14.980631,17.749605,1.724354,-0.895207,-0.135699,-0.424489
-2,-40,19,0.071060,0.000174,0.000012,accepted,accepted,0.230814,0.642999,0.150000,4777,False,15.065638,17.831947,0.611989,15.277384,17.848404,0.598486,-0.994985,-0.077330,0.063447
-2,-39,4,0.014960,0.000174,0.000003,accepted,accepted,0.125989,0.648498,0.150000,4777,False,15.172405,17.831947,0.634175,15.279853,17.840298,0.627324,-0.994985,-0.077330,0.063447
-2,-38,14,0.052360,0.000174,0.000009,accepted,accepted,0.199417,0.656154,0.150000,4777,False,15.101227,17.831947,0.675253,15.281734,17.845976,0.663742,-0.994985,-0.077330,0.063447
-2,-37,2,0.007480,0.000174,0.000001,accepted,accepted,0.117038,0.665479,0.150000,4777,False,15.186641,17.831947,0.716330,15.285182,17.839605,0.710046,-0.994985,-0.077330,0.063447
-2,-36,5,0.018700,0.000174,0.000003,accepted,accepted,0.140891,0.673874,0.150000,4777,False,15.165287,17.831947,0.757407,15.287561,17.841450,0.749610,-0.994985,-0.077330,0.063447
-2,-35,7,0.026180,0.000174,0.000005,accepted,accepted,0.157661,0.682460,0.150000,4777,False,15.151052,17.831947,0.798484,15.290011,17.842747,0.789623,-0.994985,-0.077330,0.063447
-2,-34,1,0.003740,0.000174,0.000001,accepted,accepted,0.117774,0.691734,0.150000,4777,False,15.193759,17.831947,0.839562,15.293033,17.839663,0.833231,-0.994985,-0.077330,0.063447
-2,-33,2,0.007480,0.000174,0.000001,accepted,accepted,0.127463,0.700622,0.150000,4777,False,15.186641,17.831947,0.880639,15.295554,17.840412,0.873694,-0.994985,-0.077330,0.063447
-2,-32,4,0.014960,0.000174,0.000003,accepted,accepted,0.144233,0.709547,0.150000,4777,False,15.172405,17.831947,0.921716,15.298005,17.841709,0.913707,-0.994985,-0.077330,0.063447
-2,-31,1,0.003740,0.000174,0.000001,accepted,accepted,0.125593,0.718933,0.150000,4777,False,15.193759,17.831947,0.962793,15.300812,17.840267,0.955967,-0.994985,-0.077330,0.063447
-2,-30,5,0.018700,0.000174,0.000003,accepted,accepted,0.147357,0.320607,0.150000,8435,False,15.165287,17.831947,1.003871,15.281089,17.849501,1.058782,-0.895207,-0.135699,-0.424489
-2,-29,4,0.014960,0.000174,0.000003,accepted,accepted,0.123548,0.325539,0.150000,8435,False,15.172405,17.831947,1.044948,15.266893,17.846270,1.089752,-0.895207,-0.135699,-0.424489
-2,-28,1,0.003740,0.000174,0.000001,accepted,accepted,0.086995,0.329629,0.150000,8435,False,15.193759,17.831947,1.086025,15.255525,17.841309,1.115313,-0.895207,-0.135699,-0.424489
-2,-27,5,0.018700,0.000174,0.000003,accepted,accepted,0.095047,0.337347,0.150000,8435,False,15.165287,17.831947,1.127102,15.234261,17.842402,1.159808,-0.895207,-0.135699,-0.424489
-2,-26,1,0.003740,0.000174,0.000001,accepted,accepted,0.052121,0.341183,0.150000,8435,False,15.193759,17.831947,1.168180,15.224305,17.836576,1.182664,-0.895207,-0.135699,-0.424489
-2,-25,5,0.018700,0.000174,0.000003,accepted,accepted,0.060173,0.349408,0.150000,8435,False,15.165287,17.831947,1.209257,15.203041,17.837669,1.227159,-0.895207,-0.135699,-0.424489
-2,-24,2,0.007480,0.000174,0.000001,accepted,accepted,0.023620,0.354045,0.150000,8435,False,15.186641,17.831947,1.250334,15.191672,17.832708,1.252720,-0.895207,-0.135699,-0.424489
-2,-23,1,0.003740,0.000174,0.000001,accepted,accepted,0.000188,0.359938,0.150000,8435,False,15.193759,17.831947,1.291411,15.177477,17.829479,1.283690,-0.895207,-0.135699,-0.424489
-2,-22,1,0.003740,0.000174,0.000001,accepted,accepted,0.017626,0.366601,0.150000,8435,False,15.193759,17.831947,1.332489,15.161867,17.827112,1.317366,-0.895207,-0.135699,-0.424489
-2,-19,1,0.003740,0.000174,0.000001,accepted,accepted,0.069936,0.387944,0.150000,8435,False,15.193759,17.831947,1.455720,15.115039,17.820013,1.418393,-0.895207,-0.135699,-0.424489
-2,-13,1,0.003740,0.000174,0.000001,accepted,accepted,0.174557,0.437582,0.150000,8435,False,15.193759,17.831947,1.702184,15.021381,17.805817,1.620446,-0.895207,-0.135699,-0.424489
-2,-8,1,0.003740,0.000174,0.000001,accepted,accepted,0.260745,0.515760,0.150000,5127,False,15.193759,17.831947,1.907570,14.941272,17.812363,1.791100,-0.905801,-0.070259,-0.417838
-2,-4,1,0.003740,0.000174,0.000001,accepted_fallback,accept_fallback_receive,0.291679,-0.787209,0.150000,6832,True,15.193759,17.831947,2.071879,15.477781,17.871473,2.199016,0.905454,0.126007,0.405308
-1,-40,15,0.056100,0.000174,0.000010,accepted,accepted,0.198617,0.645084,0.150000,4777,False,15.094109,17.881983,0.611989,15.273819,17.895950,0.600529,-0.994985,-0.077330,0.063447
-1,-39,7,0.026180,0.000174,0.000005,accepted,accepted,0.143367,0.650164,0.150000,4777,False,15.151052,17.881983,0.634175,15.275789,17.891678,0.626221,-0.994985,-0.077330,0.063447
-1,-38,8,0.029920,0.000174,0.000005,accepted,accepted,0.153056,0.658518,0.150000,4777,False,15.143933,17.881983,0.675253,15.278312,17.892426,0.666684,-0.994985,-0.077330,0.063447
-1,-37,8,0.029920,0.000174,0.000005,accepted,accepted,0.155662,0.667074,0.150000,4777,False,15.143933,17.881983,0.716330,15.280905,17.892628,0.707596,-0.994985,-0.077330,0.063447
-1,-36,5,0.018700,0.000174,0.000003,accepted,accepted,0.137022,0.675983,0.150000,4777,False,15.165287,17.881983,0.757407,15.283711,17.891186,0.749856,-0.994985,-0.077330,0.063447
-1,-35,5,0.018700,0.000174,0.000003,accepted,accepted,0.139628,0.684793,0.150000,4777,False,15.165287,17.881983,0.798484,15.286304,17.891388,0.790768,-0.994985,-0.077330,0.063447
-1,-34,4,0.014960,0.000174,0.000003,accepted,accepted,0.135152,0.693800,0.150000,4777,False,15.172405,17.881983,0.839562,15.288969,17.891041,0.832129,-0.994985,-0.077330,0.063447
-1,-33,9,0.033660,0.000174,0.000006,accepted,accepted,0.173169,0.702467,0.150000,4777,False,15.136816,17.881983,0.880639,15.291206,17.893982,0.870794,-0.994985,-0.077330,0.063447
-1,-32,2,0.007480,0.000174,0.000001,accepted,accepted,0.126199,0.712161,0.150000,4777,False,15.186641,17.881983,0.921716,15.294297,17.890350,0.914851,-0.994985,-0.077330,0.063447
-1,-31,3,0.011220,0.000174,0.000002,accepted,accepted,0.135889,0.721352,0.150000,4777,False,15.179523,17.881983,0.962793,15.296820,17.891098,0.955314,-0.994985,-0.077330,0.063447
-1,-30,2,0.007480,0.000174,0.000001,accepted,accepted,0.121452,0.320321,0.150000,8435,False,15.186641,17.881983,1.003871,15.279252,17.896021,1.047785,-0.895207,-0.135699,-0.424489
-1,-29,2,0.007480,0.000174,0.000001,accepted,accepted,0.104015,0.325751,0.150000,8435,False,15.186641,17.881983,1.044948,15.263642,17.893654,1.081460,-0.895207,-0.135699,-0.424489
-1,-28,2,0.007480,0.000174,0.000001,accepted,accepted,0.086578,0.331353,0.150000,8435,False,15.186641,17.881983,1.086025,15.248033,17.891289,1.115136,-0.895207,-0.135699,-0.424489
-1,-27,1,0.003740,0.000174,0.000001,accepted,accepted,0.062769,0.336625,0.150000,8435,False,15.193759,17.881983,1.127102,15.233837,17.888058,1.146106,-0.895207,-0.135699,-0.424489
-1,-24,2,0.007480,0.000174,0.000001,accepted,accepted,0.016832,0.374669,0.150000,5127,False,15.186641,17.881983,1.250334,15.185439,17.882820,1.249942,-0.905801,-0.070259,-0.417838
-1,-23,3,0.011220,0.000174,0.000002,accepted,accepted,0.006090,0.382170,0.150000,5127,False,15.179523,17.881983,1.291411,15.168735,17.881145,1.286435,-0.905801,-0.070259,-0.417838
-1,-22,5,0.018700,0.000174,0.000003,accepted,accepted,0.001820,0.390607,0.150000,5127,False,15.165287,17.881983,1.332489,15.150632,17.880846,1.325728,-0.905801,-0.070259,-0.417838
-1,-21,1,0.003740,0.000174,0.000001,accepted,accepted,0.041133,0.395622,0.150000,5127,False,15.193759,17.881983,1.373566,15.140197,17.877829,1.348858,-0.905801,-0.070259,-0.417838
-1,-20,3,0.011220,0.000174,0.000002,accepted,accepted,0.045401,0.404599,0.150000,5127,False,15.179523,17.881983,1.414643,15.122094,17.877529,1.388152,-0.905801,-0.070259,-0.417838
0,-40,17,0.063580,0.000174,0.000011,accepted,accepted,0.208912,0.646474,0.150000,4777,False,15.079873,17.932018,0.611989,15.269827,17.946781,0.599876,-0.994985,-0.077330,0.063447
0,-39,4,0.014960,0.000174,0.000003,accepted,accepted,0.118251,0.652000,0.150000,4777,False,15.172405,17.932018,0.634175,15.272153,17.939770,0.627815,-0.994985,-0.077330,0.063447
0,-37,1,0.003740,0.000174,0.000001,accepted,accepted,0.102217,0.669351,0.150000,4777,False,15.193759,17.932018,0.716330,15.277554,17.938530,0.710987,-0.994985,-0.077330,0.063447
0,-36,6,0.022440,0.000174,0.000004,accepted,accepted,0.140234,0.677712,0.150000,4777,False,15.158170,17.932018,0.757407,15.279790,17.941471,0.749652,-0.994985,-0.077330,0.063447
0,-35,2,0.007480,0.000174,0.000001,accepted,accepted,0.114512,0.686911,0.150000,4777,False,15.186641,17.932018,0.798484,15.282668,17.939482,0.792361,-0.994985,-0.077330,0.063447
0,-34,6,0.022440,0.000174,0.000004,accepted,accepted,0.145447,0.695595,0.150000,4777,False,15.158170,17.932018,0.839562,15.284977,17.941874,0.831476,-0.994985,-0.077330,0.063447
0,-33,9,0.033660,0.000174,0.000006,accepted,accepted,0.169299,0.704476,0.150000,4777,False,15.136816,17.932018,0.880639,15.287356,17.943718,0.871039,-0.994985,-0.077330,0.063447
0,-32,4,0.014960,0.000174,0.000003,accepted,accepted,0.136494,0.714120,0.150000,4777,False,15.172405,17.932018,0.921716,15.290305,17.941181,0.914198,-0.994985,-0.077330,0.063447
0,-31,4,0.014960,0.000174,0.000003,accepted,accepted,0.139193,0.723051,0.150000,4777,False,15.172405,17.932018,0.962793,15.293223,17.936413,0.954150,-0.994985,-0.077330,0.063447
0,-30,3,0.011220,0.000174,0.000002,accepted,accepted,0.122719,0.338531,0.150000,5127,False,15.179523,17.932018,1.003871,15.274378,17.939375,1.047627,-0.905801,-0.070259,-0.417838
0,-29,4,0.014960,0.000174,0.000003,accepted,accepted,0.112003,0.344824,0.150000,5127,False,15.172405,17.932018,1.044948,15.257553,17.938623,1.084226,-0.905801,-0.070259,-0.417838
0,-28,3,0.011220,0.000174,0.000002,accepted,accepted,0.088392,0.350341,0.150000,5127,False,15.179523,17.932018,1.086025,15.243284,17.936964,1.115438,-0.905801,-0.070259,-0.417838
0,-27,2,0.007480,0.000174,0.000001,accepted,accepted,0.064781,0.356023,0.150000,5127,False,15.186641,17.932018,1.127102,15.229015,17.935305,1.146649,-0.905801,-0.070259,-0.417838
0,-26,2,0.007480,0.000174,0.000001,accepted,accepted,0.047617,0.362403,0.150000,5127,False,15.186641,17.932018,1.168180,15.213469,17.934099,1.180555,-0.905801,-0.070259,-0.417838
0,-25,2,0.007480,0.000174,0.000001,accepted,accepted,0.030454,0.368995,0.150000,5127,False,15.186641,17.932018,1.209257,15.197922,17.932894,1.214461,-0.905801,-0.070259,-0.417838
0,-24,2,0.007480,0.000174,0.000001,accepted,accepted,0.013290,0.375809,0.150000,5127,False,15.186641,17.932018,1.250334,15.182375,17.931688,1.248366,-0.905801,-0.070259,-0.417838
0,-23,1,0.003740,0.000174,0.000001,accepted,accepted,0.010321,0.382269,0.150000,5127,False,15.193759,17.932018,1.291411,15.168106,17.930029,1.279578,-0.905801,-0.070259,-0.417838
0,-21,1,0.003740,0.000174,0.000001,accepted,accepted,0.044648,0.397052,0.150000,5127,False,15.193759,17.932018,1.373566,15.137012,17.927616,1.347389,-0.905801,-0.070259,-0.417838
0,-20,1,0.003740,0.000174,0.000001,accepted,accepted,0.061812,0.404832,0.150000,5127,False,15.193759,17.932018,1.414643,15.121466,17.926411,1.381295,-0.905801,-0.070259,-0.417838
0,-19,1,0.003740,0.000174,0.000001,accepted,accepted,0.078976,0.412886,0.150000,5127,False,15.193759,17.932018,1.455720,15.105919,17.925205,1.415200,-0.905801,-0.070259,-0.417838
0,-18,3,0.011220,0.000174,0.000002,accepted,accepted,0.083244,0.422622,0.150000,5127,False,15.179523,17.932018,1.496798,15.087816,17.924906,1.454494,-0.905801,-0.070259,-0.417838
0,-12,1,0.003740,0.000174,0.000001,accepted,accepted,0.199122,0.478030,0.150000,5127,False,15.193759,17.932018,1.743261,14.997090,17.916763,1.652540,-0.905801,-0.070259,-0.417838
1,-40,13,0.048620,0.000174,0.000008,accepted,accepted,0.176714,0.648062,0.150000,4777,False,15.108344,17.982054,0.611989,15.266262,17.994328,0.601919,-0.994985,-0.077330,0.063447
1,-39,5,0.018700,0.000174,0.000003,accepted,accepted,0.121465,0.653260,0.150000,4777,False,15.165287,17.982054,0.634175,15.268232,17.990055,0.627611,-0.994985,-0.077330,0.063447
1,-38,7,0.026180,0.000174,0.000005,accepted,accepted,0.138239,0.661573,0.150000,4777,False,15.151052,17.982054,0.675253,15.270751,17.990311,0.667423,-0.994985,-0.077330,0.063447
1,-37,3,0.011220,0.000174,0.000002,accepted,accepted,0.112730,0.670187,0.150000,4777,False,15.179523,17.982054,0.716330,15.274010,17.982494,0.709007,-0.994985,-0.077330,0.063447
1,-36,7,0.026180,0.000174,0.000005,accepted,accepted,0.144282,0.693469,0.150000,5128,False,15.151052,17.982054,0.757407,15.276955,17.982651,0.747651,-0.997000,-0.004714,0.077255
1,-35,4,0.014960,0.000174,0.000003,accepted,accepted,0.126166,0.702811,0.150000,5128,False,15.172405,17.982054,0.798484,15.280247,17.982565,0.790128,-0.997000,-0.004714,0.077255
1,-34,5,0.018700,0.000174,0.000003,accepted,accepted,0.136436,0.711791,0.150000,5128,False,15.165287,17.982054,0.839562,15.283367,17.982613,0.830412,-0.997000,-0.004714,0.077255
1,-33,4,0.014960,0.000174,0.000003,accepted,accepted,0.132513,0.721129,0.150000,5128,False,15.172405,17.982054,0.880639,15.286574,17.982594,0.871792,-0.997000,-0.004714,0.077255
1,-32,3,0.011220,0.000174,0.000002,accepted,accepted,0.128590,0.730579,0.150000,5128,False,15.179523,17.982054,0.921716,15.289781,17.982576,0.913172,-0.997000,-0.004714,0.077255
1,-31,5,0.018700,0.000174,0.000003,accepted,accepted,0.145956,0.739753,0.150000,5128,False,15.165287,17.982054,0.962793,15.292859,17.982658,0.952908,-0.997000,-0.004714,0.077255
1,-30,4,0.014960,0.000174,0.000003,accepted,accepted,0.125652,0.339645,0.150000,5127,False,15.172405,17.982054,1.003871,15.269917,17.989618,1.048852,-0.905801,-0.070259,-0.417838
1,-29,4,0.014960,0.000174,0.000003,accepted,accepted,0.108488,0.345512,0.150000,5127,False,15.172405,17.982054,1.044948,15.254370,17.988411,1.082757,-0.905801,-0.070259,-0.417838
1,-28,3,0.011220,0.000174,0.000002,accepted,accepted,0.084877,0.351070,0.150000,5127,False,15.179523,17.982054,1.086025,15.240100,17.986753,1.113969,-0.905801,-0.070259,-0.417838
1,-27,1,0.003740,0.000174,0.000001,accepted,accepted,0.054818,0.356283,0.150000,5127,False,15.193759,17.982054,1.127102,15.227109,17.984640,1.142486,-0.905801,-0.070259,-0.417838
1,-24,2,0.007480,0.000174,0.000001,accepted,accepted,0.009775,0.376737,0.150000,5127,False,15.186641,17.982054,1.250334,15.179191,17.981476,1.246897,-0.905801,-0.070259,-0.417838
1,-21,1,0.003740,0.000174,0.000001,accepted,accepted,0.048164,0.398174,0.150000,5127,False,15.193759,17.982054,1.373566,15.133828,17.977406,1.345920,-0.905801,-0.070259,-0.417838
1,-20,1,0.003740,0.000174,0.000001,accepted,accepted,0.065327,0.406030,0.150000,5127,False,15.193759,17.982054,1.414643,15.118281,17.976200,1.379826,-0.905801,-0.070259,-0.417838
1,-19,1,0.003740,0.000174,0.000001,accepted,accepted,0.082491,0.414166,0.150000,5127,False,15.193759,17.982054,1.455720,15.102735,17.974993,1.413731,-0.905801,-0.070259,-0.417838
1,-18,3,0.011220,0.000174,0.000002,accepted,accepted,0.086759,0.423997,0.150000,5127,False,15.179523,17.982054,1.496798,15.084632,17.974693,1.453025,-0.905801,-0.070259,-0.417838
1,-13,1,0.003740,0.000174,0.000001,accepted,accepted,0.185473,0.469628,0.150000,5127,False,15.193759,17.982054,1.702184,15.009454,17.967758,1.617165,-0.905801,-0.070259,-0.417838
1,-12,2,0.007480,0.000174,0.000001,accepted,accepted,0.196190,0.480990,0.150000,5127,False,15.186641,17.982054,1.743261,14.992628,17.967005,1.653765,-0.905801,-0.070259,-0.417838
2,-40,16,0.059840,0.000174,0.000010,accepted,accepted,0.196680,0.662112,0.150000,5128,False,15.086991,18.032089,0.611989,15.265135,18.032932,0.598185,-0.997000,-0.004714,0.077255
2,-39,5,0.018700,0.000174,0.000003,accepted,accepted,0.120333,0.667966,0.150000,5128,False,15.165287,18.032089,0.634175,15.267313,18.032574,0.626270,-0.997000,-0.004714,0.077255
2,-38,6,0.022440,0.000174,0.000004,accepted,accepted,0.130603,0.676475,0.150000,5128,False,15.158170,18.032089,0.675253,15.270434,18.032621,0.666553,-0.997000,-0.004714,0.077255
2,-37,3,0.011220,0.000174,0.000002,accepted,accepted,0.112487,0.685582,0.150000,5128,False,15.179523,18.032089,0.716330,15.273726,18.032536,0.709030,-0.997000,-0.004714,0.077255
2,-36,2,0.007480,0.000174,0.000001,accepted,accepted,0.108564,0.694585,0.150000,5128,False,15.186641,18.032089,0.757407,15.276933,18.032516,0.750411,-0.997000,-0.004714,0.077255
2,-35,2,0.007480,0.000174,0.000001,accepted,accepted,0.111737,0.703593,0.150000,5128,False,15.186641,18.032089,0.798484,15.280096,18.032532,0.791243,-0.997000,-0.004714,0.077255
2,-34,7,0.026180,0.000174,0.000005,accepted,accepted,0.150393,0.712105,0.150000,5128,False,15.151052,18.032089,0.839562,15.283047,18.032715,0.829334,-0.997000,-0.004714,0.077255
2,-33,2,0.007480,0.000174,0.000001,accepted,accepted,0.118084,0.721961,0.150000,5128,False,15.186641,18.032089,0.880639,15.286425,18.032562,0.872907,-0.997000,-0.004714,0.077255
2,-32,1,0.003740,0.000174,0.000001,accepted,accepted,0.114161,0.731436,0.150000,5128,False,15.193759,18.032089,0.921716,15.289631,18.032543,0.914287,-0.997000,-0.004714,0.077255
2,-31,5,0.018700,0.000174,0.000003,accepted,accepted,0.145721,0.740381,0.150000,5128,False,15.165287,18.032089,0.962793,15.292624,18.032692,0.952926,-0.997000,-0.004714,0.077255
2,-30,1,0.003740,0.000174,0.000001,accepted,accepted,0.102793,0.338698,0.150000,5127,False,15.193759,18.032089,1.003871,15.270565,18.038046,1.039301,-0.905801,-0.070259,-0.417838
2,-29,6,0.022440,0.000174,0.000004,accepted,accepted,0.117867,0.346959,0.150000,5127,False,15.158170,18.032089,1.044948,15.248630,18.039106,1.086676,-0.905801,-0.070259,-0.417838
2,-28,3,0.011220,0.000174,0.000002,accepted,accepted,0.081361,0.351580,0.150000,5127,False,15.179523,18.032089,1.086025,15.236916,18.036541,1.112500,-0.905801,-0.070259,-0.417838
2,-27,4,0.014960,0.000174,0.000003,accepted,accepted,0.070645,0.358368,0.150000,5127,False,15.172405,18.032089,1.127102,15.220092,18.035788,1.149099,-0.905801,-0.070259,-0.417838
2,-26,2,0.007480,0.000174,0.000001,accepted,accepted,0.040586,0.363803,0.150000,5127,False,15.186641,18.032089,1.168180,15.207100,18.033676,1.177617,-0.905801,-0.070259,-0.417838
2,-25,2,0.007480,0.000174,0.000001,accepted,accepted,0.023423,0.370486,0.150000,5127,False,15.186641,18.032089,1.209257,15.191553,18.032471,1.211523,-0.905801,-0.070259,-0.417838
2,-24,1,0.003740,0.000174,0.000001,accepted,accepted,0.000188,0.376830,0.150000,5127,False,15.193759,18.032089,1.250334,15.177284,18.030811,1.242734,-0.905801,-0.070259,-0.417838
2,-23,1,0.003740,0.000174,0.000001,accepted,accepted,0.017352,0.383961,0.150000,5127,False,15.193759,18.032089,1.291411,15.161737,18.029606,1.276640,-0.905801,-0.070259,-0.417838
2,-22,2,0.007480,0.000174,0.000001,accepted,accepted,0.028068,0.391948,0.150000,5127,False,15.186641,18.032089,1.332489,15.144913,18.028852,1.313240,-0.905801,-0.070259,-0.417838
2,-18,1,0.003740,0.000174,0.000001,accepted,accepted,0.103170,0.423588,0.150000,5127,False,15.193759,18.032089,1.496798,15.084003,18.023577,1.446168,-0.905801,-0.070259,-0.417838
2,-8,1,0.003740,0.000174,0.000001,accepted,accepted,0.274807,0.528287,0.150000,5127,False,15.193759,18.032089,1.907570,14.928535,18.011517,1.785224,-0.905801,-0.070259,-0.417838
3,-40,15,0.056100,0.000174,0.000010,accepted,accepted,0.189348,0.662386,0.150000,5128,False,15.094109,18.082125,0.611989,15.264942,18.082933,0.598751,-0.997000,-0.004714,0.077255
3,-39,3,0.011220,0.000174,0.000002,accepted,accepted,0.105905,0.668363,0.150000,5128,False,15.179523,18.082125,0.634175,15.267163,18.082541,0.627384,-0.997000,-0.004714,0.077255
3,-38,2,0.007480,0.000174,0.000001,accepted,accepted,0.101981,0.677115,0.150000,5128,False,15.186641,18.082125,0.675253,15.270370,18.082521,0.668765,-0.997000,-0.004714,0.077255
3,-37,4,0.014960,0.000174,0.000003,accepted,accepted,0.119347,0.685644,0.150000,5128,False,15.172405,18.082125,0.716330,15.273448,18.082603,0.708500,-0.997000,-0.004714,0.077255
3,-36,1,0.003740,0.000174,0.000001,accepted,accepted,0.101231,0.694893,0.150000,5128,False,15.193759,18.082125,0.757407,15.276740,18.082518,0.750977,-0.997000,-0.004714,0.077255
3,-35,4,0.014960,0.000174,0.000003,accepted,accepted,0.125694,0.703544,0.150000,5128,False,15.172405,18.082125,0.798484,15.279776,18.082634,0.790164,-0.997000,-0.004714,0.077255
3,-34,4,0.014960,0.000174,0.000003,accepted,accepted,0.128867,0.712676,0.150000,5128,False,15.172405,18.082125,0.839562,15.282940,18.082649,0.830997,-0.997000,-0.004714,0.077255
3,-33,2,0.007480,0.000174,0.000001,accepted,accepted,0.117848,0.722171,0.150000,5128,False,15.186641,18.082125,0.880639,15.286189,18.082596,0.872925,-0.997000,-0.004714,0.077255
3,-32,1,0.003740,0.000174,0.000001,accepted,accepted,0.113924,0.731655,0.150000,5128,False,15.193759,18.082125,0.921716,15.289395,18.082579,0.914305,-0.997000,-0.004714,0.077255
3,-31,6,0.022440,0.000174,0.000004,accepted,accepted,0.149008,0.320643,0.150000,8689,False,15.158170,18.082125,0.962793,15.275963,18.090683,1.019492,-0.899124,-0.065333,-0.432790
3,-30,4,0.014960,0.000174,0.000003,accepted,accepted,0.118621,0.340346,0.150000,5127,False,15.172405,18.082125,1.003871,15.263548,18.089193,1.045914,-0.905801,-0.070259,-0.417838
3,-29,1,0.003740,0.000174,0.000001,accepted,accepted,0.082114,0.344819,0.150000,5127,False,15.193759,18.082125,1.044948,15.251834,18.086630,1.071737,-0.905801,-0.070259,-0.417838
3,-28,3,0.011220,0.000174,0.000002,accepted,accepted,0.077846,0.351869,0.150000,5127,False,15.179523,18.082125,1.086025,15.233731,18.086329,1.111031,-0.905801,-0.070259,-0.417838
3,-27,4,0.014960,0.000174,0.000003,accepted,accepted,0.067130,0.358678,0.150000,5127,False,15.172405,18.082125,1.127102,15.216908,18.085577,1.147631,-0.905801,-0.070259,-0.417838
3,-24,1,0.003740,0.000174,0.000001,accepted,accepted,0.003704,0.377218,0.150000,5127,False,15.193759,18.082125,1.250334,15.174100,18.080599,1.241266,-0.905801,-0.070259,-0.417838
3,-21,3,0.011220,0.000174,0.000002,accepted,accepted,0.042299,0.400724,0.150000,5127,False,15.179523,18.082125,1.373566,15.124904,18.077888,1.348371,-0.905801,-0.070259,-0.417838
3,-20,1,0.003740,0.000174,0.000001,accepted,accepted,0.072358,0.407415,0.150000,5127,False,15.193759,18.082125,1.414643,15.111913,18.075777,1.376888,-0.905801,-0.070259,-0.417838
3,-18,1,0.003740,0.000174,0.000001,accepted,accepted,0.106686,0.424196,0.150000,5127,False,15.193759,18.082125,1.496798,15.080819,18.073364,1.444699,-0.905801,-0.070259,-0.417838
3,-16,1,0.003740,0.000174,0.000001,accepted,accepted,0.141013,0.442244,0.150000,5127,False,15.193759,18.082125,1.578952,15.049726,18.070953,1.512511,-0.905801,-0.070259,-0.417838
3,-10,1,0.003740,0.000174,0.000001,accepted,accepted,0.243995,0.505243,0.150000,5127,False,15.193759,18.082125,1.825416,14.956444,18.063717,1.715944,-0.905801,-0.070259,-0.417838
4,-40,16,0.059840,0.000174,0.000010,accepted,accepted,0.196208,0.662144,0.150000,5128,False,15.086991,18.132162,0.611989,15.264665,18.133003,0.598221,-0.997000,-0.004714,0.077255
4,-39,12,0.044880,0.000174,0.000008,accepted,accepted,0.169537,0.667198,0.150000,5128,False,15.115462,18.132162,0.634175,15.266544,18.132877,0.622468,-0.997000,-0.004714,0.077255
4,-38,3,0.011220,0.000174,0.000002,accepted,accepted,0.108842,0.676864,0.150000,5128,False,15.179523,18.132162,0.675253,15.270092,18.132591,0.668235,-0.997000,-0.004714,0.077255
4,-36,3,0.011220,0.000174,0.000002,accepted,accepted,0.115189,0.694507,0.150000,5128,False,15.179523,18.132162,0.757407,15.276420,18.132622,0.749899,-0.997000,-0.004714,0.077255
4,-35,1,0.003740,0.000174,0.000001,accepted,accepted,0.104169,0.703759,0.150000,5128,False,15.193759,18.132162,0.798484,15.279669,18.132568,0.791827,-0.997000,-0.004714,0.077255
4,-34,2,0.007480,0.000174,0.000001,accepted,accepted,0.114439,0.712765,0.150000,5128,False,15.186641,18.132162,0.839562,15.282790,18.132618,0.832111,-0.997000,-0.004714,0.077255
4,-33,3,0.011220,0.000174,0.000002,accepted,accepted,0.124709,0.721883,0.150000,5128,False,15.179523,18.132162,0.880639,15.285912,18.132666,0.872395,-0.997000,-0.004714,0.077255
4,-32,1,0.003740,0.000174,0.000001,accepted,accepted,0.113689,0.731486,0.150000,5128,False,15.193759,18.132162,0.921716,15.289161,18.132614,0.914324,-0.997000,-0.004714,0.077255
4,-31,3,0.011220,0.000174,0.000002,accepted,accepted,0.126540,0.319314,0.150000,8689,False,15.179523,18.132162,0.962793,15.277114,18.139254,1.009768,-0.899124,-0.065333,-0.432790
4,-30,3,0.011220,0.000174,0.000002,accepted,accepted,0.108762,0.324772,0.150000,8689,False,15.179523,18.132162,1.003871,15.261129,18.138090,1.043152,-0.899124,-0.065333,-0.432790
4,-29,2,0.007480,0.000174,0.000001,accepted,accepted,0.085046,0.345358,0.150000,5127,False,15.186641,18.132162,1.044948,15.247372,18.136873,1.072963,-0.905801,-0.070259,-0.417838
4,-28,1,0.003740,0.000174,0.000001,accepted,accepted,0.061435,0.350949,0.150000,5127,False,15.193759,18.132162,1.086025,15.233103,18.135214,1.104174,-0.905801,-0.070259,-0.417838
4,-27,3,0.011220,0.000174,0.000002,accepted,accepted,0.057167,0.358239,0.150000,5127,False,15.179523,18.132162,1.127102,15.215000,18.134914,1.143468,-0.905801,-0.070259,-0.417838
4,-25,2,0.007480,0.000174,0.000001,accepted,accepted,0.016392,0.370946,0.150000,5127,False,15.186641,18.132162,1.209257,15.185184,18.132050,1.208585,-0.905801,-0.070259,-0.417838
4,-24,2,0.007480,0.000174,0.000001,accepted,accepted,0.000772,0.377896,0.150000,5127,False,15.186641,18.132162,1.250334,15.169638,18.130842,1.242491,-0.905801,-0.070259,-0.417838
4,-23,2,0.007480,0.000174,0.000001,accepted,accepted,0.017935,0.385090,0.150000,5127,False,15.186641,18.132162,1.291411,15.154091,18.129637,1.276396,-0.905801,-0.070259,-0.417838
5,-40,17,0.063580,0.000174,0.000011,accepted,accepted,0.203069,0.661614,0.150000,5128,False,15.079873,18.182198,0.611989,15.264387,18.183071,0.597691,-0.997000,-0.004714,0.077255
5,-39,7,0.026180,0.000174,0.000005,accepted,accepted,0.133819,0.667349,0.150000,5128,False,15.151052,18.182198,0.634175,15.266522,18.182745,0.625228,-0.997000,-0.004714,0.077255
5,-38,3,0.011220,0.000174,0.000002,accepted,accepted,0.108606,0.676422,0.150000,5128,False,15.179523,18.182198,0.675253,15.269856,18.182625,0.668253,-0.997000,-0.004714,0.077255
5,-37,4,0.014960,0.000174,0.000003,accepted,accepted,0.118875,0.685045,0.150000,5128,False,15.172405,18.182198,0.716330,15.272978,18.182674,0.708537,-0.997000,-0.004714,0.077255
5,-36,3,0.011220,0.000174,0.000002,accepted,accepted,0.114953,0.694030,0.150000,5128,False,15.179523,18.182198,0.757407,15.276184,18.182655,0.749917,-0.997000,-0.004714,0.077255
5,-35,2,0.007480,0.000174,0.000001,accepted,accepted,0.111030,0.703141,0.150000,5128,False,15.186641,18.182198,0.798484,15.279391,18.182636,0.791297,-0.997000,-0.004714,0.077255
5,-34,10,0.037400,0.000174,0.000007,accepted,accepted,0.170975,0.711262,0.150000,5128,False,15.129698,18.182198,0.839562,15.282214,18.182919,0.827744,-0.997000,-0.004714,0.077255
5,-33,2,0.007480,0.000174,0.000001,accepted,accepted,0.117377,0.721472,0.150000,5128,False,15.186641,18.182198,0.880639,15.285719,18.182667,0.872962,-0.997000,-0.004714,0.077255
5,-32,3,0.011220,0.000174,0.000002,accepted,accepted,0.127647,0.730675,0.150000,5128,False,15.179523,18.182198,0.921716,15.288840,18.182716,0.913245,-0.997000,-0.004714,0.077255
5,-31,2,0.007480,0.000174,0.000001,accepted,accepted,0.116871,0.318710,0.150000,8689,False,15.186641,18.182198,0.962793,15.275538,18.188656,1.005584,-0.899124,-0.065333,-0.432790
5,-29,3,0.011220,0.000174,0.000002,accepted,accepted,0.087979,0.345683,0.150000,5127,False,15.179523,18.182198,1.044948,15.242909,18.187115,1.074188,-0.905801,-0.070259,-0.417838
5,-28,1,0.003740,0.000174,0.000001,accepted,accepted,0.057920,0.350798,0.150000,5127,False,15.193759,18.182198,1.086025,15.229918,18.185003,1.102705,-0.905801,-0.070259,-0.417838
5,-27,1,0.003740,0.000174,0.000001,accepted,accepted,0.040756,0.357065,0.150000,5127,False,15.193759,18.182198,1.127102,15.214372,18.183796,1.136611,-0.905801,-0.070259,-0.417838
5,-26,1,0.003740,0.000174,0.000001,accepted,accepted,0.023592,0.363543,0.150000,5127,False,15.193759,18.182198,1.168180,15.198825,18.182590,1.170516,-0.905801,-0.070259,-0.417838
5,-25,1,0.003740,0.000174,0.000001,accepted,accepted,0.006429,0.370242,0.150000,5127,False,15.193759,18.182198,1.209257,15.183278,18.181385,1.204422,-0.905801,-0.070259,-0.417838
5,-23,1,0.003740,0.000174,0.000001,accepted,accepted,0.027899,0.384342,0.150000,5127,False,15.193759,18.182198,1.291411,15.152184,18.178972,1.272233,-0.905801,-0.070259,-0.417838
5,-22,1,0.003740,0.000174,0.000001,accepted,accepted,0.045062,0.391767,0.150000,5127,False,15.193759,18.182198,1.332489,15.136638,18.177767,1.306139,-0.905801,-0.070259,-0.417838
5,-20,1,0.003740,0.000174,0.000001,accepted,accepted,0.079389,0.407423,0.150000,5127,False,15.193759,18.182198,1.414643,15.105544,18.175356,1.373950,-0.905801,-0.070259,-0.417838
5,-18,1,0.003740,0.000174,0.000001,accepted,accepted,0.113717,0.424242,0.150000,5127,False,15.193759,18.182198,1.496798,15.074450,18.172943,1.441761,-0.905801,-0.070259,-0.417838
5,-17,1,0.003740,0.000174,0.000001,accepted,accepted,0.130880,0.433124,0.150000,5127,False,15.193759,18.182198,1.537875,15.058904,18.171738,1.475667,-0.905801,-0.070259,-0.417838
5,-13,1,0.003740,0.000174,0.000001,accepted,accepted,0.199535,0.472152,0.150000,5127,False,15.193759,18.182198,1.702184,14.996716,18.166914,1.611290,-0.905801,-0.070259,-0.417838
6,-40,12,0.044880,0.000174,0.000008,accepted,accepted,0.167351,0.661481,0.150000,5128,False,15.115462,18.232233,0.611989,15.264365,18.232939,0.600450,-0.997000,-0.004714,0.077255
6,-39,3,0.011220,0.000174,0.000002,accepted,accepted,0.105197,0.667090,0.150000,5128,False,15.179523,18.232233,0.634175,15.266458,18.232645,0.627439,-0.997000,-0.004714,0.077255
6,-38,1,0.003740,0.000174,0.000001,accepted,accepted,0.094177,0.675908,0.150000,5128,False,15.193759,18.232233,0.675253,15.269707,18.232594,0.669368,-0.997000,-0.004714,0.077255
6,-37,4,0.014960,0.000174,0.000003,accepted,accepted,0.118639,0.684268,0.150000,5128,False,15.172405,18.232233,0.716330,15.272742,18.232708,0.708555,-0.997000,-0.004714,0.077255
6,-36,3,0.011220,0.000174,0.000002,accepted,accepted,0.114717,0.693223,0.150000,5128,False,15.179523,18.232233,0.757407,15.275949,18.232689,0.749935,-0.997000,-0.004714,0.077255
6,-35,1,0.003740,0.000174,0.000001,accepted,accepted,0.103697,0.702423,0.150000,5128,False,15.193759,18.232233,0.798484,15.279199,18.232637,0.791864,-0.997000,-0.004714,0.077255
6,-34,3,0.011220,0.000174,0.000002,accepted,accepted,0.121064,0.711254,0.150000,5128,False,15.179523,18.232233,0.839562,15.282277,18.232719,0.831599,-0.997000,-0.004714,0.077255
6,-33,1,0.003740,0.000174,0.000001,accepted,accepted,0.110044,0.720690,0.150000,5128,False,15.193759,18.232233,0.880639,15.285526,18.232668,0.873528,-0.997000,-0.004714,0.077255
6,-32,1,0.003740,0.000174,0.000001,accepted,accepted,0.113217,0.729986,0.150000,5128,False,15.193759,18.232233,0.921716,15.288691,18.232683,0.914360,-0.997000,-0.004714,0.077255
6,-31,3,0.011220,0.000174,0.000002,accepted,accepted,0.120002,0.318813,0.150000,8689,False,15.179523,18.232233,0.962793,15.271235,18.238897,1.006939,-0.899124,-0.065333,-0.432790
6,-30,3,0.011220,0.000174,0.000002,accepted,accepted,0.102224,0.324254,0.150000,8689,False,15.179523,18.232233,1.003871,15.255251,18.237734,1.040322,-0.899124,-0.065333,-0.432790
6,-28,1,0.003740,0.000174,0.000001,accepted,accepted,0.054404,0.350426,0.150000,5127,False,15.193759,18.232233,1.086025,15.226734,18.234791,1.101236,-0.905801,-0.070259,-0.417838
6,-27,2,0.007480,0.000174,0.000001,accepted,accepted,0.043688,0.357182,0.150000,5127,False,15.186641,18.232233,1.127102,15.209909,18.234037,1.137836,-0.905801,-0.070259,-0.417838
6,-26,1,0.003740,0.000174,0.000001,accepted,accepted,0.020077,0.363142,0.150000,5127,False,15.193759,18.232233,1.168180,15.195641,18.232378,1.169047,-0.905801,-0.070259,-0.417838
6,-25,2,0.007480,0.000174,0.000001,accepted,accepted,0.009361,0.370362,0.150000,5127,False,15.186641,18.232233,1.209257,15.178816,18.231627,1.205647,-0.905801,-0.070259,-0.417838
6,-23,1,0.003740,0.000174,0.000001,accepted,accepted,0.031414,0.383889,0.150000,5127,False,15.193759,18.232233,1.291411,15.149000,18.228762,1.270764,-0.905801,-0.070259,-0.417838
6,-19,2,0.007480,0.000174,0.000001,accepted,accepted,0.093621,0.415806,0.150000,5127,False,15.186641,18.232233,1.455720,15.085535,18.224390,1.409081,-0.905801,-0.070259,-0.417838
6,-14,1,0.003740,0.000174,0.000001,accepted,accepted,0.185886,0.461161,0.150000,5127,False,15.193759,18.232233,1.661107,15.009079,18.217909,1.575915,-0.905801,-0.070259,-0.417838
7,-40,5,0.018700,0.000174,0.000003,accepted,accepted,0.117440,0.661289,0.150000,5128,False,15.165287,18.282269,0.611989,15.264428,18.282738,0.604306,-0.997000,-0.004714,0.077255
7,-39,2,0.007480,0.000174,0.000001,accepted,accepted,0.097864,0.666194,0.150000,5128,False,15.186641,18.282269,0.634175,15.266265,18.282646,0.628005,-0.997000,-0.004714,0.077255
7,-38,1,0.003740,0.000174,0.000001,accepted,accepted,0.093940,0.674858,0.150000,5128,False,15.193759,18.282269,0.675253,15.269471,18.282627,0.669386,-0.997000,-0.004714,0.077255
7,-37,5,0.018700,0.000174,0.000003,accepted,accepted,0.125500,0.683060,0.150000,5128,False,15.165287,18.282269,0.716330,15.272465,18.282776,0.708025,-0.997000,-0.004714,0.077255
7,-35,2,0.007480,0.000174,0.000001,accepted,accepted,0.110557,0.701123,0.150000,5128,False,15.186641,18.282269,0.798484,15.278920,18.282705,0.791334,-0.997000,-0.004714,0.077255
7,-34,3,0.011220,0.000174,0.000002,accepted,accepted,0.120828,0.710029,0.150000,5128,False,15.179523,18.282269,0.839562,15.282042,18.282755,0.831618,-0.997000,-0.004714,0.077255
7,-33,2,0.007480,0.000174,0.000001,accepted,accepted,0.116905,0.719292,0.150000,5128,False,15.186641,18.282269,0.880639,15.285249,18.282736,0.872998,-0.997000,-0.004714,0.077255
7,-32,3,0.011220,0.000174,0.000002,accepted,accepted,0.127175,0.728410,0.150000,5128,False,15.179523,18.282269,0.921716,15.288370,18.282784,0.913282,-0.997000,-0.004714,0.077255
7,-31,1,0.003740,0.000174,0.000001,accepted,accepted,0.103933,0.317416,0.150000,8689,False,15.193759,18.282269,0.962793,15.271024,18.287882,0.999984,-0.899124,-0.065333,-0.432790
7,-30,1,0.003740,0.000174,0.000001,accepted,accepted,0.086155,0.322807,0.150000,8689,False,15.193759,18.282269,1.003871,15.255039,18.286720,1.033368,-0.899124,-0.065333,-0.432790
7,-29,1,0.003740,0.000174,0.000001,accepted,accepted,0.068377,0.328372,0.150000,8689,False,15.193759,18.282269,1.044948,15.239055,18.285559,1.066751,-0.899124,-0.065333,-0.432790
7,-27,2,0.007480,0.000174,0.000001,accepted,accepted,0.040173,0.356561,0.150000,5127,False,15.186641,18.282269,1.127102,15.206725,18.283827,1.136367,-0.905801,-0.070259,-0.417838
7,-26,2,0.007480,0.000174,0.000001,accepted,accepted,0.023009,0.363013,0.150000,5127,False,15.186641,18.282269,1.168180,15.191178,18.282621,1.170273,-0.905801,-0.070259,-0.417838
7,-19,1,0.003740,0.000174,0.000001,accepted,accepted,0.103584,0.414242,0.150000,5127,False,15.193759,18.282269,1.455720,15.083629,18.273726,1.404918,-0.905801,-0.070259,-0.417838
7,-13,1,0.003740,0.000174,0.000001,accepted,accepted,0.206565,0.470204,0.150000,5127,False,15.193759,18.282269,1.702184,14.990348,18.266491,1.608352,-0.905801,-0.070259,-0.417838
8,-40,3,0.011220,0.000174,0.000002,accepted,accepted,0.103011,0.660246,0.150000,5128,False,15.179523,18.332304,0.611989,15.264278,18.332706,0.605421,-0.997000,-0.004714,0.077255
8,-39,2,0.007480,0.000174,0.000001,accepted,accepted,0.097628,0.664896,0.150000,5128,False,15.186641,18.332304,0.634175,15.266029,18.332680,0.628024,-0.997000,-0.004714,0.077255
8,-37,2,0.007480,0.000174,0.000001,accepted,accepted,0.103975,0.682012,0.150000,5128,False,15.186641,18.332304,0.716330,15.272358,18.332710,0.709688,-0.997000,-0.004714,0.077255
8,-36,1,0.003740,0.000174,0.000001,accepted,accepted,0.100052,0.690872,0.150000,5128,False,15.193759,18.332304,0.757407,15.275564,18.332691,0.751068,-0.997000,-0.004714,0.077255
8,-35,2,0.007480,0.000174,0.000001,accepted,accepted,0.110322,0.699610,0.150000,5128,False,15.186641,18.332304,0.798484,15.278686,18.332741,0.791352,-0.997000,-0.004714,0.077255
8,-34,3,0.011220,0.000174,0.000002,accepted,accepted,0.120592,0.708457,0.150000,5128,False,15.179523,18.332304,0.839562,15.281807,18.332788,0.831636,-0.997000,-0.004714,0.077255
8,-33,3,0.011220,0.000174,0.000002,accepted,accepted,0.123765,0.717534,0.150000,5128,False,15.179523,18.332304,0.880639,15.284970,18.332804,0.872468,-0.997000,-0.004714,0.077255
8,-32,1,0.003740,0.000174,0.000001,accepted,accepted,0.112745,0.726964,0.150000,5128,False,15.193759,18.332304,0.921716,15.288219,18.332752,0.914397,-0.997000,-0.004714,0.077255
8,-30,2,0.007480,0.000174,0.000001,accepted,accepted,0.089286,0.322531,0.150000,8689,False,15.186641,18.332304,1.003871,15.250736,18.336960,1.034723,-0.899124,-0.065333,-0.432790
8,-29,2,0.007480,0.000174,0.000001,accepted,accepted,0.071508,0.328077,0.150000,8689,False,15.186641,18.332304,1.044948,15.234752,18.335798,1.068106,-0.899124,-0.065333,-0.432790
8,-28,2,0.007480,0.000174,0.000001,accepted,accepted,0.053821,0.349509,0.150000,5127,False,15.186641,18.332304,1.086025,15.219088,18.334822,1.100993,-0.905801,-0.070259,-0.417838
8,-27,2,0.007480,0.000174,0.000001,accepted,accepted,0.036657,0.355713,0.150000,5127,False,15.186641,18.332304,1.127102,15.203541,18.333614,1.134898,-0.905801,-0.070259,-0.417838
8,-26,1,0.003740,0.000174,0.000001,accepted,accepted,0.013046,0.361614,0.150000,5127,False,15.193759,18.332304,1.168180,15.189272,18.331957,1.166110,-0.905801,-0.070259,-0.417838
8,-24,1,0.003740,0.000174,0.000001,accepted,accepted,0.021281,0.375058,0.150000,5127,False,15.193759,18.332304,1.250334,15.158178,18.329544,1.233921,-0.905801,-0.070259,-0.417838
8,-23,1,0.003740,0.000174,0.000001,accepted,accepted,0.038445,0.382128,0.150000,5127,False,15.193759,18.332304,1.291411,15.142632,18.328339,1.267827,-0.905801,-0.070259,-0.417838
8,-22,1,0.003740,0.000174,0.000001,accepted,accepted,0.055609,0.389444,0.150000,5127,False,15.193759,18.332304,1.332489,15.127085,18.327131,1.301732,-0.905801,-0.070259,-0.417838
8,-21,1,0.003740,0.000174,0.000001,accepted,accepted,0.072772,0.397018,0.150000,5127,False,15.193759,18.332304,1.373566,15.111538,18.325926,1.335638,-0.905801,-0.070259,-0.417838
8,-16,1,0.003740,0.000174,0.000001,accepted,accepted,0.158590,0.439193,0.150000,5127,False,15.193759,18.332304,1.578952,15.033804,18.319897,1.505166,-0.905801,-0.070259,-0.417838
8,-15,1,0.003740,0.000174,0.000001,accepted,accepted,0.175754,0.448585,0.150000,5127,False,15.193759,18.332304,1.620029,15.018257,18.318691,1.539072,-0.905801,-0.070259,-0.417838
9,-40,6,0.022440,0.000174,0.000004,accepted,accepted,0.124064,0.658360,0.150000,5128,False,15.158170,18.382339,0.611989,15.263915,18.382841,0.603795,-0.997000,-0.004714,0.077255
9,-39,2,0.007480,0.000174,0.000001,accepted,accepted,0.097392,0.663315,0.150000,5128,False,15.186641,18.382339,0.634175,15.265795,18.382715,0.628042,-0.997000,-0.004714,0.077255
9,-38,1,0.003740,0.000174,0.000001,accepted,accepted,0.093469,0.671866,0.150000,5128,False,15.193759,18.382339,0.675253,15.269001,18.382696,0.669422,-0.997000,-0.004714,0.077255
9,-37,3,0.011220,0.000174,0.000002,accepted,accepted,0.110836,0.680190,0.150000,5128,False,15.179523,18.382339,0.716330,15.272079,18.382778,0.709158,-0.997000,-0.004714,0.077255
9,-36,1,0.003740,0.000174,0.000001,accepted,accepted,0.099815,0.689099,0.150000,5128,False,15.193759,18.382339,0.757407,15.275329,18.382727,0.751086,-0.997000,-0.004714,0.077255
9,-35,1,0.003740,0.000174,0.000001,accepted,accepted,0.102989,0.697889,0.150000,5128,False,15.193759,18.382339,0.798484,15.278493,18.382740,0.791919,-0.997000,-0.004714,0.077255
9,-34,2,0.007480,0.000174,0.000001,accepted,accepted,0.113260,0.706667,0.150000,5128,False,15.186641,18.382339,0.839562,15.281614,18.382790,0.832202,-0.997000,-0.004714,0.077255
9,-33,1,0.003740,0.000174,0.000001,accepted,accepted,0.109336,0.715794,0.150000,5128,False,15.193759,18.382339,0.880639,15.284821,18.382771,0.873583,-0.997000,-0.004714,0.077255
9,-32,1,0.003740,0.000174,0.000001,accepted,accepted,0.112510,0.724899,0.150000,5128,False,15.193759,18.382339,0.921716,15.287985,18.382786,0.914415,-0.997000,-0.004714,0.077255
9,-24,1,0.003740,0.000174,0.000001,accepted,accepted,0.024797,0.373826,0.150000,5127,False,15.193759,18.382339,1.250334,15.154994,18.379333,1.232452,-0.905801,-0.070259,-0.417838
9,-3,1,0.003740,0.000174,0.000001,accepted_fallback,accept_fallback_receive,0.225781,-0.813678,0.150000,2936,True,15.193759,18.382339,2.112957,15.419579,18.399179,2.213541,0.911369,0.067962,0.405940
10,-40,3,0.011220,0.000174,0.000002,accepted,accepted,0.102540,0.656879,0.150000,5128,False,15.179523,18.432377,0.611989,15.263808,18.432775,0.605457,-0.997000,-0.004714,0.077255
10,-39,1,0.003740,0.000174,0.000001,accepted,accepted,0.090060,0.661571,0.150000,5128,False,15.193759,18.432377,0.634175,15.265602,18.432716,0.628608,-0.997000,-0.004714,0.077255
10,-38,1,0.003740,0.000174,0.000001,accepted,accepted,0.093233,0.669937,0.150000,5128,False,15.193759,18.432377,0.675253,15.268766,18.432732,0.669441,-0.997000,-0.004714,0.077255
10,-37,1,0.003740,0.000174,0.000001,accepted,accepted,0.096406,0.678420,0.150000,5128,False,15.193759,18.432377,0.716330,15.271930,18.432747,0.710273,-0.997000,-0.004714,0.077255
10,-36,1,0.003740,0.000174,0.000001,accepted,accepted,0.099580,0.687018,0.150000,5128,False,15.193759,18.432377,0.757407,15.275094,18.432762,0.751105,-0.997000,-0.004714,0.077255
10,-33,2,0.007480,0.000174,0.000001,accepted,accepted,0.116197,0.713340,0.150000,5128,False,15.186641,18.432377,0.880639,15.284543,18.432840,0.873053,-0.997000,-0.004714,0.077255
10,-31,2,0.007480,0.000174,0.000001,accepted,accepted,0.100526,0.315251,0.150000,8689,False,15.186641,18.432377,0.962793,15.260842,18.437767,0.998510,-0.899124,-0.065333,-0.432790
10,-30,1,0.003740,0.000174,0.000001,accepted,accepted,0.076348,0.320100,0.150000,8689,False,15.193759,18.432377,1.003871,15.246222,18.436188,1.029123,-0.899124,-0.065333,-0.432790
10,-29,3,0.011220,0.000174,0.000002,accepted,accepted,0.071370,0.326435,0.150000,8689,False,15.179523,18.432377,1.044948,15.227509,18.435863,1.068046,-0.899124,-0.065333,-0.432790
10,-17,1,0.003740,0.000174,0.000001,accepted,accepted,0.148458,0.426188,0.150000,5127,False,15.193759,18.432377,1.537875,15.042982,18.420681,1.468323,-0.905801,-0.070259,-0.417838
11,-40,3,0.011220,0.000174,0.000002,accepted,accepted,0.102303,0.654797,0.150000,5128,False,15.179523,18.482412,0.611989,15.263573,18.482811,0.605476,-0.997000,-0.004714,0.077255
11,-39,1,0.003740,0.000174,0.000001,accepted,accepted,0.089823,0.659444,0.150000,5128,False,15.193759,18.482412,0.634175,15.265367,18.482752,0.628627,-0.997000,-0.004714,0.077255
11,-38,1,0.003740,0.000174,0.000001,accepted,accepted,0.092997,0.667728,0.150000,5128,False,15.193759,18.482412,0.675253,15.268531,18.482767,0.669459,-0.997000,-0.004714,0.077255
11,-37,1,0.003740,0.000174,0.000001,accepted,accepted,0.096171,0.676127,0.150000,5128,False,15.193759,18.482412,0.716330,15.271695,18.482782,0.710291,-0.997000,-0.004714,0.077255
11,-36,3,0.011220,0.000174,0.000002,accepted,accepted,0.113538,0.684403,0.150000,5128,False,15.179523,18.482412,0.757407,15.274774,18.482864,0.750026,-0.997000,-0.004714,0.077255
11,-35,2,0.007480,0.000174,0.000001,accepted,accepted,0.109614,0.693136,0.150000,5128,False,15.186641,18.482412,0.798484,15.277980,18.482845,0.791407,-0.997000,-0.004714,0.077255
11,-34,1,0.003740,0.000174,0.000001,accepted,accepted,0.105691,0.701975,0.150000,5128,False,15.193759,18.482412,0.839562,15.281187,18.482826,0.832787,-0.997000,-0.004714,0.077255
11,-33,3,0.011220,0.000174,0.000002,accepted,accepted,0.123058,0.710553,0.150000,5128,False,15.179523,18.482412,0.880639,15.284266,18.482908,0.872523,-0.997000,-0.004714,0.077255
11,-31,2,0.007480,0.000174,0.000001,accepted,accepted,0.097257,0.314049,0.150000,8689,False,15.186641,18.482412,0.962793,15.257903,18.487589,0.997095,-0.899124,-0.065333,-0.432790
11,-30,1,0.003740,0.000174,0.000001,accepted,accepted,0.073079,0.318848,0.150000,8689,False,15.193759,18.482412,1.003871,15.243282,18.486010,1.027708,-0.899124,-0.065333,-0.432790
11,-18,1,0.003740,0.000174,0.000001,accepted,accepted,0.134809,0.415291,0.150000,5127,False,15.193759,18.482412,1.496798,15.055345,18.471676,1.432948,-0.905801,-0.070259,-0.417838
12,-40,1,0.003740,0.000174,0.000001,accepted,accepted,0.087874,0.652678,0.150000,5128,False,15.193759,18.532448,0.611989,15.263423,18.532778,0.606590,-0.997000,-0.004714,0.077255
12,-39,1,0.003740,0.000174,0.000001,accepted,accepted,0.089588,0.657056,0.150000,5128,False,15.193759,18.532448,0.634175,15.265132,18.532787,0.628645,-0.997000,-0.004714,0.077255
12,-38,4,0.014960,0.000174,0.000003,accepted,accepted,0.114051,0.664911,0.150000,5128,False,15.172405,18.532448,0.675253,15.268167,18.532902,0.667832,-0.997000,-0.004714,0.077255
12,-36,2,0.007480,0.000174,0.000001,accepted,accepted,0.106205,0.681849,0.150000,5128,False,15.186641,18.532448,0.757407,15.274581,18.532864,0.750593,-0.997000,-0.004714,0.077255
12,-30,4,0.014960,0.000174,0.000003,accepted,accepted,0.089009,0.318696,0.150000,8689,False,15.172405,18.532448,1.003871,15.236252,18.537086,1.034603,-0.899124,-0.065333,-0.432790
12,-29,1,0.003740,0.000174,0.000001,accepted,accepted,0.052032,0.322739,0.150000,8689,False,15.193759,18.532448,1.044948,15.224359,18.534670,1.059677,-0.899124,-0.065333,-0.432790
12,-20,1,0.003740,0.000174,0.000001,accepted,accepted,0.103998,0.396960,0.150000,5127,False,15.193759,18.532448,1.414643,15.083254,18.523876,1.363668,-0.905801,-0.070259,-0.417838
13,-40,4,0.014960,0.000174,0.000003,accepted,accepted,0.108927,0.649762,0.150000,5128,False,15.172405,18.582483,0.611989,15.263060,18.582912,0.604964,-0.997000,-0.004714,0.077255
13,-36,2,0.007480,0.000174,0.000001,accepted,accepted,0.105969,0.678898,0.150000,5128,False,15.186641,18.582483,0.757407,15.274345,18.582899,0.750611,-0.997000,-0.004714,0.077255
13,-33,1,0.003740,0.000174,0.000001,accepted,accepted,0.108393,0.704507,0.150000,5128,False,15.193759,18.582483,0.880639,15.283880,18.582911,0.873656,-0.997000,-0.004714,0.077255
13,-26,1,0.003740,0.000174,0.000001,accepted,accepted,0.004531,0.353842,0.150000,5127,False,15.193759,18.582483,1.168180,15.173350,18.580900,1.158765,-0.905801,-0.070259,-0.417838
13,-25,1,0.003740,0.000174,0.000001,accepted,accepted,0.021695,0.360056,0.150000,5127,False,15.193759,18.582483,1.209257,15.157804,18.579695,1.192671,-0.905801,-0.070259,-0.417838
14,-40,5,0.018700,0.000174,0.000003,accepted,accepted,0.115789,0.646831,0.150000,5128,False,15.165287,18.632519,0.611989,15.262782,18.632980,0.604434,-0.997000,-0.004714,0.077255
14,-36,1,0.003740,0.000174,0.000001,accepted,accepted,0.098637,0.675792,0.150000,5128,False,15.193759,18.632519,0.757407,15.274154,18.632900,0.751178,-0.997000,-0.004714,0.077255
14,-35,1,0.003740,0.000174,0.000001,accepted,accepted,0.101810,0.684075,0.150000,5128,False,15.193759,18.632519,0.798484,15.277317,18.632915,0.792010,-0.997000,-0.004714,0.077255
14,-34,1,0.003740,0.000174,0.000001,accepted,accepted,0.104984,0.692450,0.150000,5128,False,15.193759,18.632519,0.839562,15.280481,18.632931,0.832842,-0.997000,-0.004714,0.077255
14,-30,1,0.003740,0.000174,0.000001,accepted,accepted,0.063272,0.314126,0.150000,8689,False,15.193759,18.632519,1.003871,15.234465,18.635475,1.023464,-0.899124,-0.065333,-0.432790
14,-28,1,0.003740,0.000174,0.000001,accepted,accepted,0.027716,0.324584,0.150000,8689,False,15.193759,18.632519,1.086025,15.202496,18.633152,1.090230,-0.899124,-0.065333,-0.432790
15,-40,3,0.011220,0.000174,0.000002,accepted,accepted,0.101360,0.643992,0.150000,5128,False,15.179523,18.682554,0.611989,15.262632,18.682949,0.605549,-0.997000,-0.004714,0.077255
15,-35,1,0.003740,0.000174,0.000001,accepted,accepted,0.101574,0.680470,0.150000,5128,False,15.193759,18.682554,0.798484,15.277082,18.682949,0.792028,-0.997000,-0.004714,0.077255
15,-30,1,0.003740,0.000174,0.000001,accepted,accepted,0.060003,0.312256,0.150000,8689,False,15.193759,18.682554,1.003871,15.231525,18.685297,1.022049,-0.899124,-0.065333,-0.432790
15,-18,1,0.003740,0.000174,0.000001,accepted,accepted,0.148871,0.402768,0.150000,5127,False,15.193759,18.682554,1.496798,15.042607,18.670830,1.427073,-0.905801,-0.070259,-0.417838
16,-40,1,0.003740,0.000174,0.000001,accepted,accepted,0.086931,0.640929,0.150000,5128,False,15.193759,18.732590,0.611989,15.262483,18.732916,0.606663,-0.997000,-0.004714,0.077255
16,-37,1,0.003740,0.000174,0.000001,accepted,accepted,0.094991,0.660662,0.150000,5128,False,15.193759,18.732590,0.716330,15.270519,18.732954,0.710382,-0.997000,-0.004714,0.077255
16,-31,1,0.003740,0.000174,0.000001,accepted,accepted,0.074512,0.305422,0.150000,8689,False,15.193759,18.732590,0.962793,15.244571,18.736280,0.987251,-0.899124,-0.065333,-0.432790
16,-29,1,0.003740,0.000174,0.000001,accepted,accepted,0.038956,0.315218,0.150000,8689,False,15.193759,18.732590,1.044948,15.212602,18.733957,1.054018,-0.899124,-0.065333,-0.432790
17,-35,2,0.007480,0.000174,0.000001,accepted,accepted,0.108199,0.672408,0.150000,5128,False,15.186641,18.782627,0.798484,15.276569,18.783052,0.791516,-0.997000,-0.004714,0.077255
19,-36,1,0.003740,0.000174,0.000001,accepted,accepted,0.097457,0.656102,0.150000,5128,False,15.193759,18.882698,0.757407,15.272978,18.883074,0.751269,-0.997000,-0.004714,0.077255
19,-31,2,0.007480,0.000174,0.000001,accepted,accepted,0.071105,0.299325,0.150000,8689,False,15.186641,18.882698,0.962793,15.234389,18.886168,0.985777,-0.899124,-0.065333,-0.432790
19,-6,1,0.003740,0.000174,0.000001,accepted_fallback,accept_fallback_receive,0.241800,-0.722911,0.150000,2936,True,15.193759,18.882698,1.989725,15.434178,18.900627,2.096812,0.911369,0.067962,0.405940
20,-26,2,0.007480,0.000174,0.000001,accepted,accepted,0.021053,0.320363,0.150000,8689,False,15.186641,18.932734,1.168180,15.151527,18.930182,1.151278,-0.899124,-0.065333,-0.432790
21,-40,2,0.007480,0.000174,0.000001,accepted,accepted,0.092848,0.621564,0.150000,5128,False,15.186641,18.982769,0.611989,15.261264,18.983124,0.606206,-0.997000,-0.004714,0.077255
22,-40,1,0.003740,0.000174,0.000001,accepted,accepted,0.085515,0.617309,0.150000,5128,False,15.193759,19.032804,0.611989,15.261071,19.033123,0.606773,-0.997000,-0.004714,0.077255
23,-27,1,0.003740,0.000174,0.000001,accepted,accepted,0.019482,0.306089,0.150000,8689,False,15.193759,19.082842,1.127102,15.160058,19.080393,1.110880,-0.899124,-0.065333,-0.432790
23,-19,1,0.003740,0.000174,0.000001,accepted,accepted,0.159831,0.362169,0.150000,5127,False,15.193759,19.082842,1.455720,15.032680,19.070349,1.381416,-0.905801,-0.070259,-0.417838
